country,1960,1961,1962,1963,1964,1965,1966,1967,1968,1969,1970,1971,1972,1973,1974,1975,1976,1977,1978,1979,1980,1981,1982,1983,1984,1985,1986,1987,1988,1989,1990,1991,1992,1993,1994,1995,1996,1997,1998,1999,2000,2001,2002,2003,2004,2005,2006,2007,2008,2009,2010,2011,2012,2013,2014,2015,2016,2017,2018,2019,2020,2021,2022,2023
Aruba,4.57,4.42,4.26,4.11,3.94,3.8,3.62,3.45,3.28,3.11,2.97,2.86,2.75,2.65,2.57,2.5,2.43,2.37,2.31,2.26,2.2,2.16,2.14,2.15,2.17,2.19,2.21,2.24,2.27,2.31,2.35,2.36,2.35,2.33,2.3,2.29,2.23,2.14,2,1.9,1.84,1.81,1.8,1.81,1.82,1.84,1.86,1.88,1.89,1.88,1.85,1.86,1.91,1.94,1.94,1.9,1.85,1.78,1.73,1.7,1.66,1.63,1.61,1.6
Afghanistan,7.28,7.28,7.29,7.3,7.3,7.3,7.32,7.34,7.36,7.39,7.4,7.43,7.45,7.49,7.53,7.54,7.56,7.59,7.6,7.61,7.64,7.62,7.6,7.57,7.55,7.55,7.55,7.55,7.55,7.56,7.58,7.63,7.7,7.76,7.77,7.77,7.76,7.73,7.69,7.64,7.57,7.45,7.32,7.17,7.02,6.86,6.69,6.51,6.39,6.29,6.2,6.09,5.99,5.88,5.77,5.65,5.54,5.43,5.33,5.24,5.14,5.04,4.93,4.84
Angola,6.71,6.79,6.87,6.95,7.04,7.12,7.19,7.27,7.33,7.39,7.43,7.47,7.49,7.5,7.5,7.49,7.49,7.47,7.47,7.46,7.46,7.46,7.46,7.46,7.46,7.45,7.43,7.41,7.37,7.33,7.27,7.21,7.14,7.07,6.99,6.92,6.85,6.79,6.73,6.68,6.64,6.6,6.57,6.53,6.5,6.46,6.42,6.37,6.32,6.26,6.19,6.12,6.04,5.95,5.86,5.77,5.69,5.6,5.52,5.44,5.37,5.3,5.21,5.12
Albania,6.38,6.27,6.11,5.93,5.71,5.47,5.33,5.31,5.32,5.29,5.16,5.08,4.98,4.83,4.7,4.57,4.37,4.2,4,3.78,3.59,3.47,3.42,3.32,3.28,3.21,3.14,3.11,3.07,3.03,3.01,2.96,2.88,2.81,2.8,2.76,2.67,2.54,2.42,2.31,2.22,2.14,2,2.01,1.89,1.79,1.69,1.63,1.62,1.64,1.65,1.68,1.72,1.74,1.72,1.63,1.55,1.49,1.42,1.4,1.37,1.36,1.35,1.35
Andorra,2.54,2.54,2.55,2.6,2.69,2.71,2.76,2.78,2.77,2.77,2.79,2.83,2.9,2.83,2.73,2.46,2.21,2.03,1.88,1.79,1.83,1.8,1.73,1.57,1.48,1.43,1.4,1.37,1.36,1.4,1.4,1.4,1.37,1.33,1.32,1.32,1.33,1.35,1.38,1.42,1.27,1.3,1.26,1.18,1.23,1.22,1.23,1.19,1.25,1.21,1.27,1.32,1.26,1.14,1.17,1.22,1.18,1.13,1.05,1.04,1.03,1.06,1.07,1.08
UAE,6.5,6.49,6.49,6.5,6.49,6.5,6.5,6.51,6.53,6.52,6.52,6.52,6.5,6.46,6.41,6.35,6.29,6.22,6.15,6.06,5.95,5.81,5.66,5.48,5.3,5.13,5,4.88,4.77,4.65,4.51,4.25,4.09,3.82,3.76,3.28,3.06,2.83,2.77,2.79,2.73,2.62,2.54,2.49,2.38,2.23,1.96,1.79,1.52,1.58,1.56,1.54,1.53,1.53,1.48,1.42,1.37,1.35,1.29,1.25,1.29,1.16,1.15,1.2
Argentina,3.14,3.12,3.13,3.11,3.08,3,2.97,2.98,3.01,3.05,3.08,3.11,3.13,3.17,3.22,3.27,3.32,3.36,3.36,3.34,3.3,3.25,3.2,3.15,3.12,3.07,3.05,3.04,3.05,3.02,3.03,3.01,2.99,2.97,2.94,2.86,2.78,2.71,2.66,2.64,2.59,2.53,2.49,2.45,2.43,2.43,2.4,2.37,2.43,2.4,2.41,2.39,2.3,2.33,2.39,2.35,2.24,2.17,2.07,1.88,1.6,1.58,1.48,1.5
Armenia,4.79,4.67,4.52,4.34,4.15,3.99,3.83,3.73,3.62,3.49,3.33,3.29,3.2,3.08,2.98,2.92,2.84,2.74,2.62,2.53,2.48,2.48,2.5,2.56,2.6,2.64,2.66,2.66,2.67,2.71,2.71,2.64,2.5,2.29,2.08,2.07,2.06,1.9,1.81,1.53,1.3,1.2,1.2,1.3,1.4,1.3,1.3,1.4,1.4,1.5,1.5,1.5,1.6,1.6,1.7,1.6,1.6,1.6,1.6,1.6,1.7,1.7,1.7,1.9
American Samoa,6.58,6.58,6.6,6.69,6.78,6.73,6.62,6.46,6.28,6.12,5.95,5.76,5.52,5.3,5.14,5.01,4.93,4.95,4.87,4.76,4.63,4.5,4.37,4.27,4.25,4.25,4.28,4.3,4.31,4.41,4.47,4.53,4.56,4.61,4.38,4.12,3.94,3.89,3.88,3.89,3.89,3.87,3.87,3.91,3.94,3.86,3.69,3.51,3.42,3.36,3.29,3.17,3.04,2.93,2.85,2.78,2.7,2.6,2.49,2.4,2.36,2.33,2.31,2.29
Antigua and Barbuda,4.6,4.56,4.55,4.54,4.48,4.42,4.32,4.18,4.01,3.83,3.63,3.46,3.29,3.13,2.93,2.77,2.78,2.78,2.57,2.63,2.31,2.17,2.09,2.12,2.04,2.15,2.03,2.07,2.13,2.2,2.25,2.04,2.13,2.04,2.07,2.16,2.27,2.19,2.02,1.96,2.2,2.02,1.94,1.89,1.85,1.83,1.83,1.86,2.04,2.01,1.78,1.75,1.66,1.54,1.53,1.57,1.46,1.49,1.37,1.47,1.57,1.58,1.58,1.58
Australia,3.45,3.54,3.44,3.33,3.15,2.98,2.88,2.85,2.89,2.89,2.86,2.96,2.74,2.49,2.4,2.15,2.06,2.01,1.95,1.91,1.89,1.94,1.93,1.92,1.84,1.92,1.87,1.84,1.83,1.84,1.9,1.85,1.89,1.86,1.84,1.82,1.8,1.78,1.76,1.75,1.76,1.74,1.76,1.75,1.77,1.81,1.91,1.96,1.98,1.97,1.93,1.93,1.92,1.85,1.83,1.81,1.75,1.74,1.74,1.66,1.58,1.7,1.63,1.5
Austria,2.69,2.78,2.8,2.82,2.79,2.7,2.66,2.62,2.58,2.49,2.29,2.2,2.08,1.94,1.91,1.83,1.69,1.63,1.6,1.6,1.65,1.67,1.66,1.56,1.52,1.47,1.45,1.43,1.45,1.45,1.46,1.51,1.51,1.5,1.47,1.42,1.45,1.39,1.37,1.34,1.36,1.33,1.39,1.38,1.42,1.41,1.41,1.38,1.42,1.39,1.44,1.43,1.44,1.44,1.46,1.49,1.53,1.52,1.47,1.46,1.44,1.48,1.41,1.32
Azerbaijan,5.88,5.94,5.96,5.95,5.89,5.79,5.66,5.38,5.22,5.07,4.91,4.77,4.62,4.45,4.33,4.18,4.02,3.87,3.73,3.6,3.5,3.41,3.34,3.29,3.26,2.91,2.9,2.9,2.8,2.8,2.74,2.87,2.74,2.7,2.52,2.29,2.06,2.07,2,2.07,2,1.8,1.8,1.9,2.05,2,1.97,1.97,1.9,1.82,1.92,1.96,2,1.98,1.97,1.94,1.9,1.75,1.73,1.81,1.7,1.52,1.67,1.55
Burundi,7,7.02,7.04,7.07,7.09,7.11,7.13,7.16,7.18,7.21,7.21,7.21,7.21,7.21,7.22,7.24,7.25,7.25,7.26,7.31,7.35,7.33,7.31,7.3,7.29,7.29,7.32,7.38,7.38,7.39,7.37,7.34,7.3,7.27,7.23,7.18,7.12,7.04,6.96,6.9,6.87,6.85,6.82,6.79,6.75,6.71,6.66,6.59,6.51,6.41,6.26,6.11,5.99,5.89,5.79,5.7,5.59,5.48,5.38,5.27,5.18,5.08,4.98,4.88
Belgium,2.54,2.63,2.59,2.68,2.71,2.61,2.52,2.41,2.31,2.27,2.25,2.21,2.09,1.95,1.83,1.74,1.73,1.71,1.69,1.69,1.68,1.66,1.61,1.57,1.54,1.51,1.54,1.54,1.57,1.58,1.62,1.66,1.65,1.61,1.56,1.56,1.59,1.6,1.6,1.62,1.67,1.67,1.65,1.67,1.72,1.76,1.8,1.82,1.85,1.84,1.86,1.81,1.8,1.76,1.74,1.7,1.68,1.65,1.62,1.6,1.55,1.6,1.53,1.47
Benin,6.28,6.4,6.46,6.51,6.57,6.61,6.63,6.64,6.67,6.71,6.74,6.77,6.8,6.81,6.82,6.83,6.83,6.83,6.82,6.91,6.99,7.06,7.05,7.04,7.03,7,6.96,6.92,6.87,6.82,6.74,6.67,6.59,6.51,6.42,6.33,6.28,6.23,6.14,6.03,5.94,5.85,5.79,5.76,5.72,5.69,5.67,5.63,5.55,5.49,5.45,5.44,5.43,5.41,5.37,5.32,5.25,5.16,5.03,4.9,4.79,4.71,4.63,4.56
Burkina Faso,6.25,6.29,6.32,6.36,6.42,6.47,6.53,6.58,6.64,6.66,6.68,6.7,6.72,6.77,6.84,6.91,6.95,7.05,7.15,7.19,7.22,7.26,7.25,7.25,7.25,7.24,7.22,7.17,7.11,7.05,7.01,6.97,6.94,6.89,6.84,6.81,6.78,6.72,6.66,6.59,6.52,6.43,6.34,6.28,6.22,6.18,6.17,6.11,6.05,5.99,5.94,5.87,5.79,5.7,5.59,5.48,5.33,5.17,4.92,4.68,4.44,4.36,4.28,4.19
Bangladesh,6.74,6.78,6.81,6.8,6.79,6.77,6.77,6.79,6.79,6.81,6.84,6.83,6.82,6.8,6.78,6.73,6.66,6.58,6.51,6.42,6.33,6.24,6.12,5.91,5.73,5.54,5.3,5.08,4.85,4.7,4.51,4.26,4.03,3.83,3.74,3.59,3.5,3.5,3.43,3.36,3.28,3.2,3.13,3.03,2.94,2.85,2.75,2.67,2.58,2.48,2.38,2.31,2.26,2.25,2.23,2.23,2.23,2.21,2.19,2.18,2.17,2.17,2.18,2.16
Bulgaria,2.31,2.29,2.24,2.21,2.19,2.09,2.03,2.02,2.27,2.27,2.17,2.1,2.03,2.15,2.29,2.23,2.24,2.21,2.15,2.16,2.05,2,2.01,2.01,2.01,1.97,2.02,1.96,1.97,1.9,1.82,1.66,1.55,1.46,1.37,1.23,1.23,1.09,1.11,1.23,1.26,1.21,1.23,1.26,1.33,1.37,1.44,1.49,1.56,1.66,1.57,1.51,1.5,1.54,1.62,1.64,1.67,1.71,1.73,1.79,1.77,1.8,1.78,1.81
Bahrain,7.26,7.23,7.18,7.14,7.09,7.03,6.94,6.84,6.71,6.57,6.43,6.28,6.14,5.96,5.79,5.62,5.45,5.29,5.12,4.94,4.76,4.6,4.5,4.41,4.3,4.28,4.25,4.13,4.04,3.96,3.82,3.63,3.55,3.46,3.29,3.13,2.99,2.92,2.89,2.9,2.8,2.65,2.7,2.78,2.77,2.67,2.46,2.28,2.15,2.05,1.99,2.02,2.11,2.17,2.15,2.11,2.04,1.98,1.91,1.84,1.86,1.85,1.84,1.82
Bahamas,5.09,5.16,5.13,5.06,4.97,4.88,4.79,4.69,4.56,4.38,4.21,4.06,3.89,3.73,3.57,3.42,3.3,3.17,3.05,2.94,2.84,2.77,2.71,2.65,2.59,2.55,2.53,2.52,2.52,2.52,2.52,2.51,2.71,2.61,2.47,2.42,2.35,2.29,2.23,2.13,2.06,2.02,1.98,1.97,1.98,2.01,2.02,2.04,2,2.01,1.84,1.79,1.76,1.74,1.69,1.57,1.5,1.42,1.4,1.4,1.39,1.38,1.38,1.37
Bosnia and Herzegovina,3.96,3.89,3.81,3.7,3.6,3.53,3.39,3.22,3.08,2.95,2.79,2.75,2.67,2.54,2.45,2.39,2.31,2.2,2.08,1.99,1.98,2.02,2.05,2.05,2.02,1.96,1.91,1.88,1.85,1.79,1.79,1.78,1.76,1.73,1.7,1.67,1.65,1.69,1.56,1.37,1.28,1.23,1.23,1.22,1.22,1.2,1.18,1.19,1.21,1.27,1.26,1.21,1.25,1.28,1.26,1.32,1.36,1.42,1.5,1.51,1.51,1.49,1.48,1.49
Belarus,2.67,2.59,2.5,2.4,2.31,2.27,2.29,2.26,2.22,2.26,2.31,2.31,2.28,2.25,2.21,2.17,2.12,2.08,2.06,2.05,2.03,2.02,2.05,2.11,2.11,2.09,2.09,2.03,2.03,2.03,1.91,1.8,1.76,1.62,1.53,1.41,1.33,1.25,1.3,1.31,1.32,1.29,1.24,1.23,1.23,1.25,1.33,1.43,1.49,1.51,1.49,1.51,1.62,1.67,1.7,1.72,1.73,1.54,1.45,1.38,1.37,1.37,1.33,1.21
Belize,6.5,6.48,6.46,6.44,6.42,6.4,6.38,6.36,6.34,6.32,6.3,6.29,6.28,6.29,6.29,6.28,6.25,6.2,6.11,5.99,5.85,5.68,5.5,5.31,5.12,5,4.94,4.88,4.87,4.86,4.8,4.59,4.43,4.21,3.97,3.88,3.75,3.74,3.75,3.73,3.63,3.53,3.43,3.33,3.25,3.17,3.02,2.88,2.78,2.66,2.55,2.53,2.51,2.5,2.47,2.43,2.4,2.37,2.34,2.14,2.04,1.84,1.95,2.01
Bermuda,3.63,3.59,3.44,3.48,3.23,3.08,2.79,2.57,2.45,2.36,2.31,2.28,2.23,2.14,2.02,1.89,1.86,1.69,1.8,1.66,1.66,1.6,1.64,1.81,1.68,1.77,1.73,1.75,1.8,1.76,1.7,1.74,1.73,1.7,1.68,1.68,1.7,1.69,1.79,1.79,1.74,1.86,1.81,1.79,1.76,1.78,1.79,1.93,1.86,1.85,1.77,1.57,1.53,1.52,1.42,1.44,1.45,1.42,1.37,1.38,1.45,1.39,1.4,1.4
Bolivia,6.27,6.26,6.25,6.23,6.21,6.18,6.16,6.13,6.1,6.06,6,5.95,5.88,5.85,5.8,5.75,5.74,5.67,5.61,5.54,5.47,5.41,5.35,5.29,5.24,5.15,5.12,5.06,5.03,4.96,4.9,4.85,4.71,4.59,4.49,4.41,4.34,4.22,4.15,4.09,3.99,3.89,3.8,3.72,3.63,3.56,3.53,3.45,3.36,3.29,3.21,3.14,3.08,3.01,2.95,2.89,2.83,2.78,2.73,2.69,2.65,2.62,2.58,2.55
Brazil,6.05,6.02,5.98,5.93,5.82,5.68,5.52,5.34,5.17,5.04,4.93,4.84,4.74,4.64,4.5,4.42,4.34,4.27,4.2,4.12,4.04,3.94,3.84,3.72,3.6,3.48,3.36,3.23,3.11,3.01,2.9,2.81,2.71,2.66,2.6,2.57,2.51,2.47,2.42,2.33,2.25,2.16,2.08,2.01,1.97,1.94,1.9,1.85,1.81,1.8,1.79,1.78,1.77,1.76,1.77,1.78,1.73,1.74,1.74,1.71,1.65,1.64,1.63,1.62
Barbados,4.71,4.15,4.3,4.3,4.21,4.18,4.14,3.6,3.57,3.34,3.08,3.2,3.15,2.87,2.65,2.45,2.24,2.2,1.84,1.86,1.78,1.85,1.86,1.86,1.75,1.77,1.69,1.61,1.58,1.64,1.84,1.84,1.8,1.77,1.73,1.7,1.67,1.65,1.62,1.78,1.93,1.96,1.86,1.86,1.8,1.74,1.7,1.75,1.76,1.77,1.78,1.76,1.73,1.73,1.73,1.73,1.72,1.72,1.72,1.72,1.71,1.71,1.71,1.71
Brunei,7.32,7.18,7.03,6.89,6.77,6.65,6.51,6.37,6.2,6.01,5.8,5.62,5.5,5.36,5.18,4.99,4.78,4.58,4.39,4.22,4.07,3.94,3.84,3.75,3.68,3.61,3.55,3.49,3.44,3.36,3.29,3.21,3.11,3.01,2.9,2.79,2.68,2.6,2.53,2.46,2.4,2.34,2.26,2.19,2.1,2.02,1.97,1.93,1.92,1.92,1.94,1.96,1.97,1.98,1.97,1.95,1.92,1.88,1.85,1.82,1.8,1.78,1.76,1.75
Bhutan,6.7,6.7,6.69,6.69,6.68,6.68,6.67,6.67,6.66,6.66,6.65,6.64,6.64,6.63,6.62,6.62,6.62,6.61,6.58,6.55,6.51,6.46,6.4,6.34,6.26,6.18,6.1,6,5.88,5.76,5.6,5.45,5.27,5.07,4.87,4.62,4.37,4.09,3.85,3.61,3.38,3.19,3.01,2.87,2.78,2.73,2.66,2.59,2.48,2.36,2.25,2.15,2.07,2,1.92,1.83,1.74,1.62,1.52,1.45,1.5,1.49,1.48,1.46
Botswana,6.59,6.56,6.54,6.58,6.61,6.6,6.61,6.6,6.58,6.56,6.55,6.54,6.56,6.59,6.61,6.61,6.6,6.54,6.48,6.39,6.29,6.16,5.97,5.79,5.63,5.48,5.33,5.1,4.88,4.67,4.51,4.37,4.25,4.15,4.02,3.79,3.57,3.43,3.36,3.31,3.29,3.25,3.17,3.11,3.06,3.08,3.11,3.13,3.13,3.13,3.13,3.1,3.07,3.04,3.03,3.01,2.99,2.97,2.94,2.91,2.86,2.83,2.79,2.73
Central African Republic,5.95,5.96,5.97,5.99,6,6.03,6.06,6.08,6.1,6.06,6.03,5.99,5.96,5.92,5.9,5.88,5.94,5.99,6.04,6.09,6.13,6.17,6.16,6.15,6.14,6.12,6.11,6.12,6.1,6.07,6.05,6.03,5.96,5.93,5.92,5.94,5.96,5.92,5.89,5.88,5.85,5.81,5.79,5.8,5.78,5.81,5.84,5.87,5.9,5.94,5.96,6.01,6.05,6.08,6.1,6.13,6.13,6.13,6.11,6.09,6.06,6.05,6.02,6.01
Canada,3.81,3.75,3.68,3.61,3.46,3.12,2.75,2.53,2.39,2.33,2.26,2.14,1.98,1.89,1.84,1.82,1.8,1.78,1.77,1.75,1.74,1.7,1.69,1.68,1.65,1.67,1.68,1.68,1.68,1.77,1.83,1.72,1.71,1.69,1.69,1.67,1.63,1.57,1.56,1.55,1.51,1.54,1.52,1.55,1.56,1.58,1.63,1.67,1.7,1.69,1.65,1.63,1.63,1.61,1.61,1.6,1.59,1.55,1.51,1.47,1.41,1.44,1.33,1.26
Channel Islands,2.34,2.41,2.52,2.63,2.66,2.57,2.42,2.28,2.21,2.13,2.01,1.95,1.76,1.66,1.58,1.51,1.44,1.47,1.46,1.47,1.45,1.42,1.39,1.44,1.4,1.4,1.43,1.46,1.48,1.49,1.51,1.47,1.47,1.42,1.47,1.45,1.49,1.51,1.51,1.51,1.49,1.48,1.47,1.51,1.5,1.46,1.47,1.53,1.56,1.57,1.58,1.59,1.58,1.56,1.54,1.5,1.46,1.41,1.37,1.35,1.33,1.36,1.37,1.37
Switzerland,2.44,2.52,2.58,2.65,2.66,2.59,2.5,2.39,2.29,2.19,2.1,2.04,1.91,1.81,1.73,1.61,1.55,1.53,1.51,1.52,1.55,1.55,1.56,1.52,1.53,1.52,1.53,1.52,1.57,1.56,1.58,1.58,1.58,1.51,1.49,1.48,1.5,1.48,1.47,1.48,1.5,1.38,1.39,1.39,1.42,1.42,1.44,1.46,1.48,1.5,1.52,1.52,1.52,1.52,1.54,1.54,1.54,1.52,1.52,1.48,1.46,1.52,1.39,1.33
Chile,4.7,4.66,4.6,4.54,4.46,4.36,4.26,4.14,4.03,3.9,3.78,3.65,3.53,3.41,3.29,3.18,3.08,2.98,2.89,2.81,2.74,2.69,2.65,2.62,2.6,2.59,2.59,2.59,2.59,2.59,2.58,2.56,2.48,2.43,2.38,2.35,2.28,2.2,2.15,2.07,2.05,2.01,1.93,1.89,1.84,1.82,1.8,1.83,1.85,1.85,1.84,1.82,1.8,1.79,1.77,1.74,1.69,1.56,1.54,1.43,1.31,1.18,1.25,1.17
China,4.45,3.86,6.08,7.51,6.67,6.61,6.31,5.81,6.51,6.17,6.08,5.52,5.11,4.73,4.17,3.57,3.23,2.84,2.72,2.75,2.74,2.79,2.97,2.56,2.61,2.63,2.72,2.76,2.54,2.52,2.51,1.93,1.78,1.69,1.63,1.59,1.55,1.53,1.52,1.53,1.63,1.56,1.57,1.57,1.6,1.62,1.64,1.67,1.7,1.71,1.69,1.67,1.8,1.71,1.77,1.67,1.77,1.79,1.54,1.5,1.24,1.12,1.03,0.999
Cote d'Ivoire,7.69,7.72,7.75,7.78,7.81,7.84,7.87,7.89,7.91,7.93,7.94,7.94,7.94,7.94,7.93,7.91,7.88,7.83,7.67,7.63,7.59,7.54,7.49,7.42,7.35,7.27,7.19,7.09,6.97,6.85,6.72,6.58,6.43,6.27,6.13,6.04,5.95,5.9,5.85,5.8,5.77,5.7,5.64,5.57,5.53,5.5,5.45,5.4,5.36,5.33,5.29,5.24,5.19,5.13,5.07,4.97,4.87,4.76,4.6,4.52,4.46,4.41,4.35,4.28
Cameroon,5.72,5.73,5.73,5.73,5.74,5.8,5.85,5.95,6.04,6.14,6.2,6.26,6.29,6.33,6.36,6.4,6.45,6.51,6.54,6.58,6.61,6.61,6.59,6.58,6.56,6.56,6.57,6.54,6.48,6.41,6.36,6.32,6.26,6.16,6.04,5.92,5.79,5.71,5.66,5.6,5.51,5.44,5.43,5.43,5.44,5.42,5.37,5.34,5.29,5.24,5.15,5.05,4.98,4.91,4.84,4.84,4.84,4.8,4.74,4.65,4.56,4.47,4.4,4.32
"Congo, Dem. Rep.",6.11,6.12,6.14,6.16,6.19,6.21,6.24,6.27,6.29,6.3,6.33,6.34,6.37,6.38,6.4,6.42,6.44,6.45,6.46,6.48,6.5,6.52,6.54,6.56,6.59,6.61,6.63,6.65,6.66,6.65,6.65,6.64,6.64,6.64,6.64,6.68,6.67,6.69,6.7,6.69,6.7,6.66,6.61,6.55,6.53,6.53,6.55,6.56,6.58,6.59,6.59,6.58,6.56,6.53,6.48,6.44,6.39,6.35,6.3,6.25,6.21,6.16,6.11,6.05
"Congo, Rep.",6.08,6.09,6.1,6.15,6.18,6.23,6.27,6.29,6.33,6.35,6.38,6.42,6.44,6.42,6.39,6.36,6.32,6.27,6.21,6.14,6.07,5.98,5.85,5.76,5.66,5.59,5.51,5.46,5.39,5.33,5.27,5.22,5.18,5.13,5.1,5.07,5.03,5,4.91,4.8,4.72,4.67,4.7,4.7,4.69,4.67,4.65,4.65,4.73,4.81,4.85,4.83,4.79,4.73,4.67,4.61,4.55,4.5,4.44,4.38,4.33,4.28,4.21,4.16
Colombia,6.74,6.71,6.66,6.58,6.47,6.33,6.16,5.96,5.74,5.51,5.28,5.06,4.86,4.68,4.53,4.4,4.29,4.16,4,3.89,3.8,3.71,3.62,3.5,3.35,3.23,3.15,3.09,3.04,3.01,3,2.98,2.98,2.98,2.94,2.85,2.77,2.74,2.72,2.64,2.57,2.52,2.49,2.45,2.38,2.31,2.24,2.19,2.15,2.1,2.01,1.94,1.9,1.86,1.82,1.77,1.72,1.72,1.72,1.71,1.69,1.68,1.66,1.65
Comoros,6.79,6.85,6.9,6.92,6.94,6.97,7,7.02,7.05,7.07,7.1,7.12,7.14,7.17,7.16,7.16,7.16,7.15,7.16,7.16,7.15,7.14,7.13,7.11,7.07,7.02,6.95,6.87,6.76,6.65,6.5,6.35,6.19,6.02,5.86,5.73,5.63,5.51,5.39,5.28,5.23,5.2,5.16,5.12,5.07,5.01,4.93,4.86,4.8,4.78,4.75,4.72,4.65,4.57,4.49,4.42,4.35,4.28,4.21,4.14,4.07,4,3.94,3.88
Cape Verde,6.88,6.92,6.95,6.98,6.99,6.99,6.99,6.98,6.97,6.95,6.93,6.91,6.89,6.86,6.82,6.77,6.71,6.64,6.56,6.47,6.38,6.27,6.17,6.07,5.97,5.92,5.81,5.68,5.55,5.45,5.36,5.26,5.12,4.95,4.72,4.49,4.26,4.05,3.9,3.73,3.54,3.37,3.19,3.03,2.9,2.73,2.56,2.41,2.3,2.25,2.33,2.33,2.15,2.07,2.03,1.97,1.97,1.93,1.8,1.7,1.59,1.55,1.53,1.52
Costa Rica,6.71,6.65,6.54,6.39,6.19,5.96,5.7,5.42,5.03,4.83,4.58,4.36,4.16,3.99,3.89,3.8,3.75,3.7,3.66,3.65,3.58,3.56,3.54,3.52,3.52,3.51,3.45,3.38,3.31,3.24,3.17,3.08,3,2.93,2.86,2.78,2.68,2.59,2.53,2.48,2.41,2.31,2.16,2.08,2.03,2.04,1.94,1.95,1.98,1.95,1.83,1.88,1.85,1.78,1.8,1.8,1.75,1.71,1.71,1.6,1.45,1.35,1.33,1.33
Cuba,4.13,4.26,4.42,4.56,4.53,4.5,4.4,4.29,4.19,4.12,3.98,3.8,3.61,3.4,3.16,2.82,2.51,2.21,1.88,1.77,1.64,1.59,1.78,1.8,1.77,1.77,1.78,1.8,1.85,1.83,1.81,1.66,1.56,1.49,1.47,1.48,1.46,1.59,1.62,1.64,1.61,1.59,1.65,1.63,1.55,1.49,1.4,1.44,1.58,1.68,1.67,1.73,1.67,1.68,1.66,1.69,1.6,1.58,1.61,1.54,1.49,1.43,1.41,1.44
Cayman Islands,4.71,4.78,4.79,4.69,4.41,4.16,4.08,4.04,3.99,3.52,4.66,3.46,4.89,3.56,2.96,2.71,2.53,2.41,2.37,2.37,2.4,2.38,2.01,1.83,1.79,1.75,1.69,1.58,1.63,1.75,1.78,1.85,1.73,1.67,1.66,1.67,1.69,1.7,1.7,1.71,1.71,1.7,1.68,1.67,1.67,1.67,1.67,1.68,1.7,1.72,1.69,1.64,1.53,1.45,1.33,1.27,1.23,1.22,1.28,1.51,1.55,1.55,1.54,1.53
Cyprus,3.39,3.62,3.51,3.49,3.41,3.47,3.4,3.32,3.27,3.19,3.06,3.04,2.99,2.4,2.28,2.11,2.33,2.09,2.08,2.14,2.3,2.15,2.49,2.49,2.51,2.43,2.45,2.39,2.47,2.37,2.4,2.34,2.46,2.25,2.16,2.03,1.95,1.86,1.76,1.67,1.64,1.57,1.5,1.5,1.51,1.48,1.51,1.45,1.48,1.48,1.43,1.36,1.38,1.3,1.31,1.32,1.36,1.32,1.32,1.33,1.36,1.39,1.39,1.39
Czech Republic,2.09,2.11,2.12,2.31,2.34,2.18,2.02,1.91,1.84,1.87,1.92,2,2.09,2.31,2.46,2.43,2.39,2.34,2.33,2.27,2.08,2,2,1.97,1.97,1.95,1.92,1.91,1.94,1.87,1.9,1.86,1.71,1.67,1.44,1.28,1.18,1.17,1.16,1.13,1.15,1.15,1.17,1.18,1.23,1.29,1.34,1.45,1.51,1.51,1.51,1.43,1.45,1.46,1.53,1.57,1.63,1.69,1.71,1.71,1.74,1.83,1.64,1.45
Germany,2.37,2.45,2.44,2.51,2.54,2.5,2.53,2.48,2.38,2.21,2.03,1.92,1.71,1.54,1.51,1.45,1.45,1.4,1.38,1.38,1.44,1.43,1.41,1.33,1.29,1.37,1.43,1.43,1.46,1.42,1.45,1.33,1.29,1.28,1.24,1.25,1.3,1.35,1.36,1.36,1.38,1.35,1.34,1.34,1.36,1.34,1.33,1.37,1.38,1.36,1.39,1.39,1.41,1.42,1.47,1.5,1.6,1.57,1.57,1.54,1.53,1.58,1.46,1.39
Djibouti,6.85,6.85,6.85,6.86,6.87,6.86,6.88,6.87,6.88,6.88,6.88,6.88,6.85,6.82,6.78,6.74,6.69,6.64,6.59,6.52,6.46,6.4,6.34,6.3,6.25,6.19,6.14,6.09,6.03,5.97,5.93,5.86,5.75,5.64,5.51,5.33,5.15,4.97,4.79,4.69,4.6,4.52,4.41,4.3,4.16,4.04,3.9,3.76,3.62,3.52,3.43,3.34,3.25,3.19,3.12,3.04,2.97,2.92,2.86,2.8,2.75,2.7,2.65,2.61
Dominica,6.18,6.16,6.12,6.08,6.03,5.95,5.86,5.74,5.59,5.41,5.21,4.99,4.67,4.28,3.84,3.46,3.19,3.02,2.96,2.96,3.04,3.11,3.17,3.18,3.15,3.12,3.08,3.06,3.06,3.06,3.09,3.15,3.18,3.2,2.96,2.71,2.55,2.41,2.31,2.46,2.35,2.4,2.16,2.08,2.02,2,2.07,2.02,1.97,1.92,1.89,1.86,1.83,1.78,1.71,1.65,1.58,1.54,1.52,1.5,1.5,1.48,1.48,1.48
Denmark,2.57,2.55,2.55,2.67,2.6,2.61,2.62,2.35,2.12,2,1.95,2.04,2.03,1.92,1.9,1.92,1.75,1.66,1.67,1.6,1.55,1.44,1.43,1.38,1.4,1.45,1.48,1.5,1.56,1.62,1.67,1.68,1.76,1.75,1.81,1.8,1.75,1.75,1.72,1.73,1.77,1.74,1.72,1.76,1.78,1.8,1.85,1.84,1.89,1.84,1.87,1.75,1.73,1.67,1.69,1.71,1.79,1.75,1.73,1.7,1.68,1.72,1.55,1.5
Dominican Republic,7.55,7.49,7.4,7.3,7.19,7.05,6.95,6.75,6.55,6.37,6.18,6.01,5.84,5.67,5.44,5.24,5.05,4.84,4.64,4.47,4.3,4.15,4.01,3.95,3.82,3.69,3.6,3.53,3.5,3.48,3.41,3.35,3.29,3.23,3.16,3.1,3.04,2.92,2.83,2.85,2.87,2.83,2.76,2.7,2.64,2.57,2.51,2.51,2.55,2.57,2.56,2.53,2.5,2.47,2.45,2.43,2.41,2.4,2.4,2.37,2.33,2.29,2.27,2.24
Algeria,7.5,7.56,7.61,7.65,7.67,7.71,7.71,7.71,7.71,7.71,7.7,7.67,7.63,7.59,7.54,7.49,7.41,7.31,7.21,7.12,6.99,6.84,6.67,6.5,6.28,6.04,5.64,5.3,5.02,4.76,4.51,4.37,4.27,4.08,3.91,3.49,3.14,2.89,2.69,2.62,2.59,2.52,2.43,2.45,2.5,2.56,2.63,2.7,2.79,2.83,2.88,2.9,3,3,3.08,3.09,3.09,3.09,3.02,3,2.94,2.87,2.82,2.77
Ecuador,6.72,6.7,6.68,6.65,6.61,6.56,6.51,6.44,6.35,6.25,6.14,6.01,5.87,5.73,5.58,5.43,5.28,5.13,4.99,4.86,4.73,4.61,4.5,4.39,4.3,4.14,4,3.87,3.79,3.74,3.68,3.63,3.58,3.49,3.42,3.38,3.35,3.29,3.23,3.17,3.1,3.04,2.97,2.91,2.85,2.8,2.75,2.7,2.69,2.68,2.62,2.6,2.51,2.36,2.27,2.21,2.12,2.13,2.11,2.04,1.97,1.91,1.86,1.82
Egypt,6.79,6.76,6.71,6.65,6.54,6.39,6.31,6.25,6.19,6.12,6.06,5.99,5.93,5.84,5.78,5.75,5.73,5.68,5.63,5.57,5.49,5.37,5.33,5.31,5.21,5.12,5,4.91,4.83,4.68,4.51,4.32,4.15,3.99,3.87,3.76,3.7,3.68,3.68,3.6,3.5,3.46,3.41,3.35,3.28,3.25,3.22,3.24,3.24,3.26,3.3,3.31,3.4,3.49,3.49,3.5,3.35,3.31,3.02,2.87,2.85,2.75,2.75,2.75
Eritrea,6.48,6.47,6.5,6.48,6.49,6.49,6.5,6.5,6.5,6.5,6.54,6.54,6.54,6.55,6.57,6.59,6.6,6.61,6.61,6.62,6.61,6.62,6.63,6.65,6.62,6.59,6.55,6.52,6.47,6.41,6.34,6.24,6.16,6.07,6,5.94,5.84,5.74,5.63,5.52,5.4,5.31,5.23,5.14,5.04,4.93,4.88,4.81,4.74,4.66,4.57,4.49,4.41,4.33,4.27,4.22,4.16,4.11,4.06,4,3.93,3.87,3.79,3.71
Spain,2.86,2.77,2.8,2.88,3.01,2.94,2.91,2.94,2.87,2.86,2.84,2.9,2.87,2.84,2.88,2.77,2.77,2.65,2.54,2.37,2.22,2.04,1.94,1.8,1.73,1.64,1.56,1.49,1.45,1.4,1.36,1.33,1.31,1.26,1.19,1.16,1.14,1.15,1.13,1.17,1.22,1.23,1.25,1.3,1.31,1.33,1.36,1.38,1.45,1.38,1.37,1.34,1.32,1.27,1.32,1.33,1.33,1.31,1.26,1.23,1.18,1.18,1.16,1.12
Estonia,1.98,1.98,1.95,1.89,1.94,1.88,1.87,1.9,2.03,2.13,2.17,2.19,2.13,2.06,2.07,2.04,2.07,2.06,2.02,2,2.02,2.07,2.07,2.16,2.17,2.13,2.18,2.27,2.27,2.22,2.05,1.8,1.71,1.49,1.42,1.38,1.37,1.32,1.28,1.3,1.36,1.32,1.36,1.37,1.47,1.52,1.58,1.69,1.72,1.7,1.72,1.61,1.56,1.52,1.54,1.58,1.6,1.59,1.67,1.66,1.58,1.61,1.41,1.31
Ethiopia,6.51,6.53,6.56,6.59,6.61,6.63,6.66,6.68,6.7,6.72,6.78,6.84,6.89,6.96,7.02,7.08,7.13,7.19,7.23,7.25,7.29,7.31,7.34,7.35,7.36,7.34,7.32,7.29,7.26,7.23,7.2,7.16,7.13,7.09,7.05,7,6.93,6.87,6.79,6.72,6.65,6.58,6.5,6.4,6.3,6.19,6.05,5.89,5.7,5.49,5.28,5.08,4.89,4.71,4.61,4.53,4.47,4.4,4.37,4.35,4.27,4.18,4.08,3.99
Finland,2.72,2.72,2.68,2.68,2.59,2.48,2.41,2.32,2.14,1.93,1.83,1.68,1.58,1.49,1.61,1.68,1.7,1.68,1.64,1.64,1.63,1.64,1.71,1.74,1.69,1.64,1.6,1.59,1.69,1.71,1.78,1.79,1.85,1.81,1.85,1.81,1.78,1.75,1.7,1.73,1.73,1.73,1.72,1.76,1.8,1.8,1.84,1.83,1.85,1.86,1.87,1.83,1.8,1.75,1.71,1.65,1.57,1.49,1.41,1.35,1.37,1.46,1.32,1.26
Fiji,6.36,6.28,6.2,6.09,5.96,5.76,5.55,5.33,5.11,4.91,4.71,4.51,4.32,4.16,4.07,4.1,4.12,4.11,4.1,4.08,4.04,3.99,3.94,3.88,3.8,3.66,3.54,3.48,3.43,3.4,3.39,3.37,3.33,3.29,3.26,3.25,3.25,3.19,3.12,3.05,2.99,2.97,2.97,2.96,2.94,2.92,2.9,2.87,2.82,2.76,2.7,2.63,2.61,2.6,2.59,2.57,2.52,2.46,2.42,2.38,2.36,2.33,2.31,2.28
France,2.85,2.87,2.89,2.89,2.87,2.84,2.8,2.75,2.69,2.62,2.55,2.47,2.38,2.28,2.18,2.09,2.01,1.94,1.89,1.87,1.85,1.85,1.86,1.86,1.86,1.86,1.85,1.83,1.81,1.79,1.77,1.75,1.74,1.73,1.73,1.74,1.75,1.77,1.78,1.81,1.89,1.9,1.88,1.89,1.92,1.94,2,1.98,2.01,2,2.03,2.01,2.01,1.99,2,1.96,1.92,1.89,1.87,1.86,1.83,1.84,1.79,1.66
Faeroe Islands,3.85,3.76,3.83,3.9,3.98,4.09,4.04,3.98,3.86,3.56,3.42,3.21,3.26,3.22,3.06,2.9,2.74,2.68,2.6,2.7,2.46,2.47,2.35,2.16,2.17,2.29,2.41,2.36,2.57,2.71,2.8,2.62,2.52,2.51,2.39,2.45,2.59,2.51,2.34,2.33,2.59,2.34,2.56,2.54,2.59,2.64,2.5,2.57,2.58,2.38,2.51,2.31,2.57,2.55,2.58,2.43,2.64,2.49,2.51,2.43,2.35,2.33,2.07,1.86
"Micronesia, Fed. Sts.",6.74,6.74,6.73,6.71,6.74,6.74,6.78,6.81,6.84,6.88,6.93,6.94,6.96,6.97,6.93,6.88,6.82,6.74,6.65,6.54,6.42,6.29,6.16,6.03,5.89,5.75,5.61,5.47,5.32,5.18,5.05,4.92,4.8,4.68,4.58,4.49,4.43,4.36,4.3,4.27,4.22,4.08,3.93,3.79,3.68,3.6,3.51,3.44,3.37,3.31,3.27,3.22,3.18,3.13,3.09,3.05,3,2.96,2.92,2.88,2.85,2.82,2.79,2.75
Gabon,4.42,4.5,4.59,4.65,4.71,4.79,4.86,4.92,4.98,5.05,5.1,5.16,5.24,5.29,5.33,5.39,5.46,5.52,5.57,5.61,5.66,5.73,5.74,5.76,5.73,5.71,5.69,5.67,5.62,5.55,5.46,5.37,5.29,5.19,5.04,4.88,4.74,4.66,4.58,4.5,4.47,4.42,4.36,4.3,4.25,4.21,4.17,4.14,4.12,4.14,4.15,4.15,4.09,4.02,3.95,3.92,3.92,3.91,3.91,3.88,3.83,3.78,3.71,3.65
Isle of Man,2.68,2.69,2.63,2.62,2.63,2.54,2.46,2.45,2.45,2.51,2.57,2.51,2.45,2.36,2.26,2.16,2.08,2.02,1.99,1.96,1.95,1.94,1.92,1.89,1.86,1.88,1.89,1.91,1.92,1.93,1.96,1.98,1.97,1.95,1.92,1.92,1.93,1.93,1.9,1.86,1.87,1.87,1.86,1.84,1.83,1.86,1.91,1.93,1.94,1.94,1.93,1.9,1.86,1.82,1.79,1.75,1.71,1.67,1.64,1.61,1.58,1.57,1.56,1.55
UK,2.69,2.78,2.86,2.88,2.93,2.86,2.78,2.68,2.6,2.51,2.44,2.41,2.2,2.04,1.92,1.81,1.74,1.69,1.75,1.86,1.9,1.82,1.78,1.77,1.77,1.79,1.78,1.81,1.82,1.79,1.83,1.82,1.79,1.76,1.74,1.71,1.73,1.72,1.71,1.68,1.64,1.63,1.63,1.7,1.75,1.76,1.82,1.86,1.91,1.89,1.92,1.91,1.92,1.83,1.81,1.8,1.79,1.74,1.68,1.63,1.57,1.58,1.56,1.56
Georgia,2.94,2.94,2.94,2.95,2.89,2.77,2.73,2.74,2.69,2.69,2.69,2.71,2.67,2.62,2.56,2.55,2.51,2.44,2.42,2.38,2.35,2.33,2.31,2.34,2.38,2.4,2.38,2.32,2.32,2.32,2.31,2.21,2.04,1.91,1.83,1.81,1.76,1.73,1.7,1.64,1.61,1.58,1.57,1.55,1.57,1.58,1.62,1.7,1.83,1.99,1.97,1.92,1.93,1.99,2.18,2.21,2.23,2.14,2.09,2.02,1.98,1.98,1.82,1.81
Ghana,6.89,6.91,6.94,6.94,6.9,6.88,6.86,6.89,6.89,6.95,6.95,6.95,6.92,6.87,6.82,6.76,6.7,6.64,6.56,6.51,6.47,6.42,6.31,6.23,6.15,6.12,6.08,6.02,5.92,5.82,5.74,5.63,5.52,5.41,5.25,5.11,4.96,4.88,4.83,4.82,4.83,4.77,4.69,4.6,4.5,4.5,4.4,4.29,4.22,4.18,4.18,4.18,4.15,4.11,4.03,3.98,3.87,3.71,3.65,3.59,3.54,3.49,3.43,3.4
Gibraltar,3.1,3.26,3.53,4.06,4.26,3.99,3.6,3.18,2.98,2.95,2.95,2.94,2.79,2.67,2.6,2.53,2.48,2.47,2.49,2.52,2.57,2.53,2.49,2.44,2.4,2.37,2.36,2.35,2.35,2.35,2.39,2.43,2.44,2.42,2.38,2.33,2.25,2.23,2.2,2.19,2.19,2.1,1.68,1.63,1.69,1.75,1.8,1.85,1.9,1.93,1.95,1.97,2,2.1,2.08,2.07,1.94,1.93,1.92,1.91,1.91,1.9,1.9,1.89
Guinea,6.11,6.13,6.14,6.15,6.17,6.18,6.19,6.2,6.21,6.23,6.24,6.26,6.28,6.31,6.34,6.37,6.4,6.43,6.44,6.45,6.46,6.46,6.49,6.49,6.51,6.53,6.55,6.57,6.56,6.55,6.51,6.48,6.45,6.41,6.36,6.29,6.21,6.12,6.05,5.99,5.92,5.83,5.78,5.74,5.73,5.73,5.7,5.66,5.6,5.53,5.43,5.34,5.23,5.15,5.07,5,4.92,4.79,4.67,4.58,4.49,4.4,4.3,4.22
Gambia,6.25,6.23,6.21,6.2,6.2,6.19,6.18,6.21,6.22,6.25,6.26,6.33,6.37,6.41,6.42,6.43,6.43,6.43,6.42,6.41,6.41,6.4,6.4,6.39,6.38,6.36,6.34,6.3,6.26,6.25,6.25,6.19,6.11,6.03,6.04,5.99,5.92,5.85,5.82,5.77,5.72,5.67,5.66,5.66,5.68,5.71,5.74,5.68,5.63,5.57,5.56,5.54,5.52,5.39,5.2,5,4.81,4.61,4.42,4.33,4.25,4.17,4.08,4.01
Guinea-Bissau,5.92,5.93,5.94,5.95,5.96,5.97,5.98,5.99,6.01,6.02,6.04,6.06,6.08,6.1,6.12,6.15,6.19,6.25,6.32,6.4,6.49,6.57,6.64,6.69,6.73,6.74,6.73,6.72,6.69,6.66,6.5,6.47,6.43,6.37,6.3,6.22,6.14,6.06,5.97,5.87,5.79,5.69,5.63,5.58,5.5,5.46,5.41,5.37,5.27,5.18,5.11,5.07,5,4.93,4.79,4.66,4.52,4.35,4.24,4.15,4.08,4,3.91,3.84
Equatorial Guinea,5.65,5.66,5.67,5.69,5.71,5.73,5.76,5.78,5.79,5.8,5.81,5.81,5.8,5.8,5.79,5.79,5.79,5.79,5.8,5.82,5.83,5.86,5.88,5.9,5.93,5.95,5.96,5.97,5.98,5.99,5.99,5.99,5.98,5.98,5.98,5.97,5.96,5.94,5.91,5.88,5.83,5.79,5.73,5.67,5.62,5.56,5.5,5.43,5.36,5.29,5.21,5.13,5.04,4.95,4.86,4.77,4.69,4.6,4.51,4.43,4.35,4.27,4.17,4.08
Greece,2.23,2.13,2.16,2.14,2.24,2.25,2.32,2.45,2.42,2.36,2.4,2.32,2.32,2.27,2.38,2.33,2.35,2.27,2.28,2.26,2.23,2.09,2.03,1.94,1.83,1.67,1.6,1.5,1.5,1.4,1.39,1.37,1.36,1.32,1.33,1.28,1.26,1.27,1.24,1.23,1.25,1.25,1.28,1.29,1.31,1.34,1.4,1.41,1.5,1.5,1.48,1.4,1.34,1.29,1.3,1.33,1.38,1.35,1.35,1.34,1.39,1.43,1.32,1.32
Grenada,6.74,6.63,6.44,6.2,5.91,5.6,5.3,5.04,4.83,4.69,4.46,4.31,4.17,4.05,3.92,3.75,3.6,3.46,3.35,3.34,3.3,2.99,3.15,3.31,3.22,3.48,3.58,3.58,3.19,3.23,3.06,3.11,2.97,2.81,2.79,2.82,2.85,2.8,2.49,2.39,2.44,2.42,2.38,2.33,2.29,2.24,2.19,2.15,2.12,2.08,2.04,2.01,1.97,1.91,1.8,1.72,1.62,1.44,1.53,1.54,1.53,1.52,1.5,1.49
Greenland,6.69,6.78,6.79,6.76,6.65,6.42,6.03,5.54,4.93,4.21,3.54,3.2,3.01,2.74,2.45,2.35,2.25,2.35,2.2,2.19,2.44,2.33,2.24,2.05,2.11,2.24,2.04,2.08,2.32,2.3,2.44,2.42,2.61,2.58,2.53,2.51,2.49,2.69,2.46,2.42,2.33,2.51,2.57,2.37,2.42,2.38,2.26,2.3,2.25,2.36,2.19,2.12,2.02,2.08,2.04,2.01,2,2.09,2,2.08,2.02,1.82,1.82,1.77
Guatemala,7,6.98,6.93,6.9,6.87,6.84,6.8,6.75,6.7,6.65,6.6,6.55,6.51,6.49,6.46,6.41,6.37,6.32,6.26,6.22,6.17,6.12,6.06,5.98,5.86,5.73,5.66,5.64,5.62,5.56,5.48,5.38,5.31,5.25,5.19,5.11,5.01,4.91,4.8,4.69,4.58,4.5,4.37,4.25,4.13,3.97,3.85,3.72,3.57,3.46,3.38,3.29,3.22,3.15,3.09,3.03,2.97,2.86,2.74,2.59,2.47,2.39,2.34,2.31
Guam,5.97,5.95,5.9,5.57,5.39,5.14,5.07,4.65,4.35,4.44,4.34,4.2,4.05,3.89,3.76,3.66,3.53,3.36,3.1,3.03,3.04,2.97,2.91,3.03,2.85,2.9,2.93,2.97,2.99,3,3.02,3.03,3.04,3.05,3.04,3.04,3.03,3.02,3.01,2.97,2.92,2.82,2.58,2.66,2.77,2.64,2.81,2.9,2.9,2.89,2.97,2.88,3.12,2.88,2.95,2.93,3.17,3.09,3,2.94,2.9,2.86,2.82,2.78
Guyana,6.33,6.34,6.33,6.31,6.23,6.13,6.02,5.89,5.75,5.58,5.41,5.26,5.08,4.87,4.64,4.45,4.28,4.12,3.97,3.86,3.77,3.72,3.68,3.64,3.54,3.47,3.38,3.31,3.23,3.19,3.18,3.18,3.19,3.2,3.23,3.24,3.23,3.22,3.18,3.13,3.06,2.96,2.84,2.75,2.68,2.65,2.66,2.68,2.7,2.69,2.68,2.69,2.7,2.71,2.69,2.67,2.63,2.59,2.55,2.52,2.49,2.46,2.44,2.41
"Hong Kong, China",5.08,5.17,5.18,5.15,5.08,4.92,4.46,4.12,3.78,3.6,3.39,3.46,3.31,3.18,2.97,2.67,2.48,2.38,2.27,2.12,2.05,1.93,1.86,1.72,1.56,1.49,1.37,1.31,1.4,1.3,1.27,1.28,1.35,1.34,1.35,1.29,1.19,1.13,1.02,0.981,1.03,0.931,0.941,0.901,0.922,0.959,0.984,1.03,1.06,1.05,1.13,1.2,1.28,1.13,1.24,1.2,1.21,1.13,1.08,1.06,0.883,0.772,0.701,0.751
Honduras,7.46,7.45,7.44,7.44,7.44,7.44,7.41,7.36,7.29,7.23,7.17,7.11,7.06,6.99,6.91,6.87,6.81,6.73,6.63,6.53,6.42,6.3,6.18,6.06,5.93,5.82,5.7,5.58,5.47,5.35,5.27,5.19,5.11,5.03,4.93,4.83,4.71,4.59,4.47,4.37,4.29,4.15,4,3.84,3.71,3.58,3.45,3.35,3.26,3.17,3.08,3,2.93,2.85,2.79,2.75,2.7,2.66,2.65,2.61,2.58,2.55,2.52,2.5
Croatia,2.24,2.22,2.19,2.15,2.14,2.22,2.23,2.1,2.03,1.95,1.88,1.97,2.01,2.01,1.98,1.95,1.94,1.95,1.96,1.95,1.93,1.93,1.9,1.88,1.87,1.82,1.76,1.64,1.79,1.63,1.63,1.53,1.48,1.52,1.47,1.58,1.67,1.69,1.45,1.38,1.39,1.46,1.42,1.41,1.43,1.5,1.47,1.48,1.47,1.5,1.46,1.41,1.52,1.46,1.46,1.41,1.43,1.42,1.47,1.47,1.48,1.62,1.53,1.46
Haiti,6.18,6.18,6.17,6.17,6.16,6.13,6.09,6.05,6.01,5.96,5.91,5.88,5.85,5.81,5.78,5.75,5.71,5.67,5.64,5.59,5.56,5.53,5.53,5.51,5.5,5.5,5.48,5.47,5.47,5.44,5.41,5.32,5.21,5.1,4.99,4.88,4.78,4.67,4.56,4.45,4.39,4.25,4.13,4.05,3.94,3.83,3.76,3.69,3.62,3.56,3.5,3.43,3.32,3.22,3.16,3.11,3.05,2.98,2.92,2.86,2.8,2.75,2.7,2.66
Hungary,2.02,1.94,1.79,1.82,1.82,1.82,1.89,2.01,2.06,2.04,1.98,1.93,1.93,1.93,2.27,2.35,2.23,2.15,2.06,2.01,1.91,1.88,1.8,1.75,1.75,1.85,1.84,1.82,1.81,1.82,1.87,1.87,1.77,1.68,1.64,1.57,1.46,1.37,1.32,1.28,1.32,1.31,1.3,1.27,1.28,1.31,1.34,1.32,1.35,1.32,1.25,1.23,1.34,1.35,1.44,1.45,1.53,1.54,1.55,1.55,1.59,1.61,1.56,1.51
Indonesia,5.5,5.52,5.53,5.55,5.57,5.59,5.59,5.58,5.57,5.55,5.49,5.4,5.32,5.25,5.09,5.03,4.92,4.81,4.73,4.63,4.5,4.36,4.25,4.11,3.96,3.73,3.53,3.42,3.35,3.25,3.11,3.06,2.95,2.9,2.85,2.81,2.78,2.74,2.66,2.57,2.5,2.47,2.44,2.41,2.42,2.45,2.46,2.48,2.44,2.44,2.46,2.52,2.51,2.44,2.39,2.35,2.31,2.25,2.22,2.21,2.19,2.17,2.15,2.13
India,5.92,5.94,5.95,5.97,5.98,5.94,5.88,5.83,5.76,5.68,5.62,5.57,5.48,5.4,5.33,5.2,5.13,5.01,4.89,4.81,4.78,4.7,4.62,4.57,4.52,4.43,4.4,4.31,4.22,4.13,4.04,3.96,3.88,3.8,3.72,3.65,3.58,3.51,3.45,3.38,3.35,3.3,3.22,3.12,3.05,2.96,2.87,2.77,2.71,2.67,2.6,2.53,2.47,2.4,2.29,2.29,2.28,2.19,2.18,2.12,2.05,2.01,1.99,1.98
Ireland,3.78,3.78,3.92,4.01,4.07,4.04,3.94,3.84,3.77,3.83,3.85,3.93,3.84,3.71,3.59,3.37,3.29,3.24,3.21,3.21,3.21,3.05,2.94,2.74,2.58,2.48,2.44,2.32,2.17,2.08,2.11,2.08,1.99,1.9,1.85,1.84,1.88,1.93,1.94,1.9,1.89,1.94,1.97,1.96,1.93,1.86,1.91,2.01,2.06,2.06,2.05,2.03,1.98,1.93,1.89,1.85,1.81,1.77,1.75,1.71,1.63,1.78,1.54,1.5
Iran,7.52,7.46,7.4,7.32,7.24,7.22,7.21,7.19,7.12,7.01,6.8,6.55,6.26,6.06,5.97,5.95,6.07,6.18,6.34,6.55,6.63,6.62,6.59,6.53,6.43,6.24,6.01,5.72,5.43,5.17,4.93,4.57,4.1,3.67,3.24,2.85,2.54,2.32,2.19,2.09,2,1.92,1.84,1.8,1.78,1.76,1.75,1.75,1.74,1.74,1.75,1.79,1.85,1.91,1.98,2.02,2.05,2.02,1.92,1.77,1.7,1.71,1.7,1.7
Iraq,5.3,5.8,6.99,7,7.01,7.02,7.02,7.03,7.06,7.08,7.07,7.05,7.02,6.99,6.95,6.91,6.86,6.79,6.73,6.66,6.59,6.53,6.46,6.39,6.32,6.25,6.18,6.11,6.05,5.99,5.93,5.83,5.72,5.61,5.49,5.36,5.25,5.19,5.11,5.04,4.92,4.8,4.67,4.58,4.53,4.45,4.46,4.4,4.37,4.38,4.46,4.59,4.54,4.44,4.31,4.08,3.84,3.64,3.55,3.48,3.42,3.36,3.29,3.25
Iceland,4.29,3.88,3.98,3.99,3.88,3.73,3.59,3.28,3.06,2.99,2.81,2.92,3.09,2.94,2.66,2.65,2.52,2.31,2.35,2.49,2.48,2.33,2.27,2.24,2.08,1.93,1.92,2.06,2.26,2.19,2.3,2.18,2.21,2.22,2.14,2.08,2.12,2.04,2.05,1.99,2.08,1.95,1.93,1.99,2.04,2.05,2.08,2.09,2.15,2.23,2.2,2.02,2.04,1.93,1.93,1.8,1.74,1.71,1.71,1.74,1.72,1.82,1.59,1.59
Israel,3.87,3.86,3.85,3.84,3.83,3.81,3.8,3.79,3.79,3.78,3.78,3.77,3.77,3.7,3.63,3.55,3.48,3.41,3.35,3.3,3.24,3.19,3.13,3.11,3.08,3.06,3.03,3.01,2.95,2.89,2.82,2.76,2.7,2.8,2.9,2.9,2.9,2.94,2.98,2.96,2.95,2.92,2.89,2.95,2.9,2.84,2.88,2.9,2.96,2.96,3.03,2.98,3.05,3.03,3.08,3.09,3.11,3.11,3.09,3.01,2.9,3,2.89,2.85
Italy,2.4,2.44,2.46,2.51,2.66,2.6,2.58,2.5,2.46,2.47,2.38,2.4,2.35,2.3,2.28,2.17,2.04,1.93,1.84,1.73,1.64,1.58,1.56,1.51,1.46,1.42,1.35,1.33,1.36,1.33,1.33,1.3,1.3,1.25,1.21,1.19,1.2,1.22,1.22,1.23,1.26,1.25,1.27,1.29,1.34,1.33,1.37,1.39,1.44,1.44,1.44,1.42,1.42,1.39,1.38,1.36,1.36,1.34,1.31,1.27,1.24,1.25,1.24,1.2
Jamaica,5.54,5.6,5.63,5.73,5.79,5.72,5.69,5.67,5.58,5.47,5.35,5.21,5.06,5,4.67,4.44,4.21,4,3.84,3.72,3.59,3.51,3.46,3.41,3.32,3.21,3.11,3.02,2.98,2.93,2.96,3,3.03,2.99,2.93,2.85,2.77,2.68,2.57,2.46,2.35,2.3,2.27,2.24,2.2,2.15,2.09,2.02,1.95,1.88,1.8,1.72,1.65,1.59,1.54,1.51,1.46,1.43,1.4,1.39,1.38,1.38,1.37,1.36
Jordan,7.6,7.7,7.79,7.85,7.91,7.93,7.99,8.06,8.13,8.19,8.18,8.15,8.12,8.06,8,7.92,7.83,7.72,7.59,7.45,7.29,7.12,6.96,6.81,6.67,6.53,6.39,6.2,6.01,5.8,5.54,5.33,5.14,4.97,4.82,4.68,4.51,4.32,4.11,3.97,3.86,3.8,3.81,3.82,3.73,3.65,3.71,3.8,3.88,3.84,3.78,3.69,3.57,3.45,3.3,3.14,3.07,2.99,2.92,2.85,2.79,2.73,2.68,2.64
Japan,2,1.96,1.98,2,2.05,2.14,1.58,2.23,2.13,2.13,2.13,2.16,2.14,2.14,2.05,1.91,1.85,1.8,1.79,1.77,1.75,1.74,1.77,1.8,1.81,1.76,1.72,1.69,1.66,1.57,1.54,1.53,1.5,1.46,1.5,1.42,1.43,1.39,1.38,1.34,1.36,1.33,1.32,1.29,1.29,1.26,1.32,1.34,1.37,1.37,1.39,1.39,1.41,1.43,1.42,1.45,1.44,1.43,1.42,1.36,1.33,1.3,1.26,1.2
Kazakhstan,4.5,4.42,4.36,4.26,4.07,3.88,3.82,3.77,3.63,3.51,3.5,3.53,3.55,3.51,3.45,3.4,3.33,3.26,3.16,3.14,3.09,3.05,3.02,3.07,3.15,3.21,3.19,3.12,3,2.87,2.75,2.68,2.58,2.48,2.38,2.25,2.08,1.97,1.94,1.9,1.9,1.91,1.96,2.08,2.2,2.27,2.38,2.49,2.62,2.58,2.61,2.6,2.64,2.67,2.76,2.75,2.79,2.75,2.85,2.89,3.13,3.32,3.05,3.01
Kenya,7.65,7.71,7.77,7.82,7.87,7.92,7.96,7.95,7.95,7.95,7.94,7.92,7.89,7.86,7.82,7.79,7.77,7.73,7.67,7.6,7.53,7.45,7.34,7.22,7.08,6.96,6.84,6.69,6.51,6.33,6.13,5.94,5.74,5.57,5.44,5.37,5.31,5.27,5.24,5.18,5.14,5.09,5.03,4.94,4.86,4.8,4.75,4.72,4.66,4.57,4.45,4.28,4.12,3.96,3.84,3.77,3.69,3.61,3.54,3.43,3.36,3.31,3.26,3.21
Kyrgyz Republic,5.31,5.36,5.42,5.48,5.43,5.38,5.32,5.25,5.18,5.18,5.2,5.18,5.14,5.02,4.89,4.76,4.68,4.59,4.53,4.38,4.22,4.19,4.2,4.17,4.2,4.2,4.22,4.16,4.03,3.88,3.63,3.58,3.52,3.2,2.9,3.1,2.8,2.6,2.7,2.6,2.4,2.4,2.4,2.5,2.6,2.5,2.7,2.7,2.8,2.9,3.1,3.1,3.2,3.1,3.2,3.2,3.1,3,3.3,3.3,3.1,2.89,2.8,2.7
Cambodia,6.31,6.3,6.3,6.29,6.29,6.27,6.24,6.2,6.17,6.12,6.07,6.01,5.94,5.56,4.8,4.1,3.41,2.72,3.34,4.56,5.77,6.04,6.19,6.3,6.34,6.31,6.23,6.1,5.94,5.68,5.64,5.59,5.49,5.43,5.28,5.08,4.87,4.39,4.13,3.93,3.79,3.69,3.57,3.43,3.31,3.24,3.17,3.13,3.05,2.97,2.86,2.78,2.75,2.74,2.73,2.73,2.73,2.72,2.72,2.73,2.7,2.66,2.62,2.58
Kiribati,6.44,6.48,6.42,6.35,6.29,6.26,6.22,6.11,5.98,5.85,5.71,5.55,5.37,5.2,5.09,5.02,4.96,4.96,4.97,4.96,4.96,4.96,4.95,4.91,4.91,4.91,4.87,4.81,4.73,4.69,4.67,4.64,4.57,4.49,4.44,4.42,4.42,4.37,4.29,4.18,4.07,3.96,3.81,3.7,3.73,3.76,3.81,3.87,3.9,3.9,3.9,3.88,3.77,3.64,3.52,3.44,3.38,3.34,3.32,3.29,3.25,3.22,3.18,3.15
St. Kitts and Nevis,6.54,6.27,6.06,6.12,6.08,6.01,5.78,5.46,5.17,4.97,4.73,4.51,4.16,3.97,3.81,3.67,3.59,3.48,3.29,3.23,3.26,3.3,3.17,3.1,2.88,2.82,2.68,2.62,2.62,2.69,2.73,2.6,2.43,2.38,2.31,2.3,2.26,2.3,2.31,2.26,2.13,2.08,2.04,2,1.96,1.93,1.9,1.87,1.83,1.8,1.76,1.74,1.71,1.68,1.67,1.64,1.63,1.61,1.59,1.57,1.55,1.53,1.51,1.5
South Korea,5.99,5.8,5.56,5.33,5.07,4.89,4.78,4.62,4.51,4.45,4.53,4.54,4.12,4.07,3.77,3.43,3,2.99,2.64,2.9,2.82,2.57,2.39,2.06,1.74,1.66,1.58,1.53,1.55,1.56,1.57,1.71,1.76,1.65,1.66,1.63,1.57,1.54,1.46,1.43,1.48,1.31,1.18,1.19,1.16,1.08,1.13,1.26,1.19,1.15,1.23,1.24,1.3,1.19,1.21,1.24,1.17,1.05,0.977,0.918,0.837,0.808,0.778,0.721
Kosovo,6.36,6.31,6.24,6.18,6.11,6.04,5.95,5.88,5.81,5.73,5.62,5.56,5.49,5.42,5.37,5.28,5.18,5.01,4.83,4.7,4.66,4.5,4.49,4.46,4.41,4.2,4.12,4.1,3.97,3.67,3.67,3.37,2.77,2.65,2.52,2.52,2.54,2.31,2.35,2.63,2.7,2.77,2.79,2.67,2.65,2.62,2.49,2.39,2.36,2.32,2.22,2.04,1.97,1.95,1.87,1.76,1.64,1.62,1.58,1.57,1.57,1.56,1.55,1.54
Kuwait,7.22,7.25,7.25,7.28,7.29,7.31,7.34,7.33,7.28,7.18,7.03,6.84,6.64,6.43,6.23,6.06,5.9,5.71,5.52,5.33,5.18,5.02,4.85,4.66,4.45,4.22,4,3.83,3.7,3.59,3.49,3.4,3.35,3.31,3.27,3.25,3.22,3.13,3.04,2.95,2.89,2.84,2.79,2.77,2.76,2.73,2.59,2.41,2.27,2.15,2.04,1.96,1.99,1.97,2.06,2.03,2.06,2.16,2.12,2.08,2.03,2.15,1.55,1.52
Lao,6.29,6.31,6.31,6.32,6.31,6.32,6.31,6.31,6.3,6.3,6.31,6.29,6.28,6.28,6.29,6.29,6.29,6.29,6.3,6.31,6.33,6.35,6.37,6.38,6.37,6.33,6.25,6.21,6.16,6.1,6.06,5.99,5.9,5.8,5.6,5.36,5.15,4.96,4.79,4.64,4.43,4.29,4.13,4.02,3.9,3.69,3.56,3.44,3.33,3.23,3.14,3.05,2.95,2.87,2.8,2.8,2.74,2.69,2.63,2.59,2.54,2.49,2.46,2.42
Lebanon,5.88,5.89,5.9,5.91,5.85,5.77,5.68,5.57,5.45,5.32,5.19,5.05,4.91,4.79,4.65,4.52,4.39,4.28,4.18,4.08,4.01,3.95,3.85,3.73,3.66,3.53,3.47,3.42,3.39,3.36,3.27,3.16,3.05,2.94,2.82,2.73,2.7,2.67,2.65,2.63,2.6,2.58,2.52,2.46,2.38,2.29,2.24,2.2,2.17,2.19,2.26,2.32,2.35,2.36,2.38,2.38,2.39,2.37,2.35,2.33,2.31,2.28,2.26,2.24
Liberia,6.39,6.45,6.5,6.56,6.58,6.62,6.63,6.65,6.66,6.64,6.58,6.54,6.6,6.65,6.69,6.74,6.79,6.84,6.88,6.92,6.87,6.83,6.79,6.76,6.73,6.69,6.64,6.57,6.51,6.43,6.37,6.32,6.28,6.25,6.21,6.17,6.13,6.08,6.02,5.95,5.88,5.77,5.65,5.55,5.51,5.52,5.53,5.46,5.33,5.17,5.06,4.97,4.88,4.75,4.62,4.52,4.46,4.4,4.34,4.26,4.17,4.09,4.02,3.95
Libya,7.51,7.56,7.61,7.68,7.75,7.82,7.89,7.93,7.97,8.01,8.05,8.1,8.07,8.05,8.02,7.98,7.93,7.87,7.79,7.68,7.54,7.37,7.16,6.91,6.62,6.33,6.02,5.72,5.41,5.09,4.78,4.46,4.16,3.88,3.65,3.44,3.26,3.13,3.04,2.97,2.91,2.87,2.83,2.8,2.77,2.77,2.7,2.65,2.6,2.56,2.6,2.65,2.68,2.72,2.75,2.71,2.67,2.63,2.58,2.54,2.51,2.46,2.4,2.35
St. Lucia,6.77,6.83,6.82,6.72,6.76,6.69,6.61,6.51,6.39,6.25,6.1,5.95,5.81,5.69,5.57,5.36,5.16,4.97,4.83,4.58,4.41,4.28,4.17,4.08,4.02,3.97,3.8,3.61,3.44,3.31,3.24,3.19,3.11,3,3.03,3.03,2.71,2.74,2.4,2.5,2.21,2.13,2.03,1.94,1.86,1.81,1.76,1.7,1.7,1.74,1.67,1.5,1.5,1.5,1.49,1.47,1.46,1.45,1.44,1.42,1.41,1.4,1.39,1.38
Liechtenstein,2.78,2.78,2.8,2.85,2.92,2.96,2.78,2.48,2.22,2.13,2.09,2.03,1.98,1.94,1.9,1.9,1.91,1.92,1.9,1.67,1.7,1.69,1.61,1.53,1.51,1.5,1.48,1.5,1.5,1.5,1.5,1.5,1.48,1.45,1.44,1.44,1.52,1.57,1.59,1.63,1.57,1.52,1.47,1.36,1.44,1.49,1.43,1.42,1.43,1.71,1.4,1.69,1.51,1.45,1.59,1.4,1.61,1.44,1.58,1.48,1.46,1.53,1.47,1.45
Sri Lanka,5.35,5.24,5.18,5.12,5.06,4.93,4.83,4.79,4.66,4.5,4.39,4.27,4.16,4,3.85,3.82,3.78,3.74,3.81,3.82,3.73,3.65,3.32,3.11,3.01,2.9,2.74,2.64,2.56,2.58,2.54,2.51,2.49,2.44,2.4,2.35,2.29,2.21,2.14,2.14,2.21,2.28,2.31,2.3,2.27,2.26,2.29,2.29,2.23,2.18,2.13,2.14,2.17,2.18,2.13,2.09,2.06,2.04,2.03,2.02,2.01,2,1.98,1.97
Lesotho,5.78,5.79,5.79,5.78,5.76,5.77,5.76,5.75,5.72,5.7,5.7,5.7,5.69,5.69,5.75,5.83,5.87,5.85,5.82,5.79,5.75,5.69,5.63,5.56,5.48,5.4,5.32,5.22,5.1,4.96,4.81,4.68,4.54,4.37,4.21,4.13,4.06,3.98,3.81,3.67,3.6,3.63,3.68,3.62,3.51,3.43,3.41,3.44,3.39,3.31,3.25,3.34,3.3,3.28,3.24,3.22,3.18,3.1,3.02,2.92,2.85,2.77,2.72,2.69
Lithuania,2.56,2.53,2.45,2.35,2.28,2.23,2.22,2.23,2.24,2.3,2.4,2.41,2.34,2.22,2.21,2.18,2.18,2.14,2.08,2.05,1.99,1.98,1.97,2.1,2.07,2.08,2.12,2.11,2.02,1.98,2.03,2.01,1.97,1.74,1.57,1.55,1.49,1.47,1.46,1.46,1.39,1.29,1.23,1.26,1.27,1.29,1.33,1.36,1.45,1.5,1.5,1.55,1.6,1.59,1.57,1.63,1.63,1.57,1.53,1.43,1.36,1.36,1.27,1.18
Luxembourg,2.29,,2.37,,2.34,2.42,2.34,2.24,2.12,2.02,1.97,1.95,1.75,1.58,1.58,1.55,1.48,1.5,1.48,1.48,1.5,1.55,1.49,1.43,1.42,1.38,1.43,1.4,1.51,1.52,1.6,1.6,1.64,1.7,1.72,1.7,1.77,1.71,1.68,1.74,1.76,1.66,1.63,1.62,1.66,1.63,1.65,1.61,1.61,1.59,1.63,1.52,1.57,1.55,1.5,1.47,1.41,1.39,1.38,1.34,1.36,1.38,1.31,1.25
Latvia,1.94,1.94,1.91,1.85,1.79,1.74,1.76,1.8,1.83,1.88,1.96,2,2,1.98,1.97,1.96,1.93,1.89,1.87,1.87,1.86,1.88,1.97,2.07,2.09,2.08,2.12,2.15,2.11,2.05,2.02,1.86,1.73,1.51,1.39,1.25,1.16,1.11,1.09,1.16,1.25,1.22,1.26,1.32,1.29,1.39,1.46,1.54,1.58,1.46,1.36,1.33,1.44,1.52,1.65,1.7,1.74,1.69,1.6,1.61,1.55,1.57,1.47,1.36
"Macao, China",4.96,4.67,4.39,4.23,3.94,3.62,3.32,3.01,2.61,2.31,2.08,1.99,1.94,1.84,1.73,1.55,1.43,1.39,1.43,1.58,1.73,1.85,1.99,2.1,2.15,2.23,2.19,2.06,1.86,1.81,1.71,1.61,1.55,1.47,1.43,1.37,1.29,1.21,1.11,1.02,0.933,0.818,0.813,0.837,0.855,0.912,0.954,1.01,0.979,1,1.07,1.15,1.36,1.15,1.22,1.14,1.14,1.02,0.915,0.899,0.841,0.756,0.68,0.586
St. Martin (French part),6.39,6.39,6.37,6.36,6.35,6.34,6.32,6.3,6.26,6.19,6.09,5.97,5.84,5.64,5.39,5.1,4.84,4.58,4.32,4.11,3.88,3.64,3.36,3.15,3.03,2.95,2.9,2.85,2.82,2.79,2.75,2.71,2.68,2.67,2.67,2.69,2.71,2.75,2.79,2.84,2.88,2.9,2.9,2.87,2.83,2.78,2.71,2.63,2.55,2.46,2.4,2.42,2.77,2.72,2.71,2.67,2.64,2.66,2.73,2.79,2.83,2.8,2.76,2.72
Morocco,6.89,6.97,7.05,7.01,6.97,6.93,6.89,6.84,6.79,6.73,6.68,6.62,6.54,6.48,6.4,6.3,6.17,6.04,5.91,5.85,5.78,5.71,5.6,5.41,5.2,4.99,4.77,4.58,4.39,4.22,4.06,3.95,3.76,3.55,3.41,3.29,3.23,3.15,3.04,2.88,2.77,2.69,2.62,2.61,2.61,2.61,2.61,2.62,2.61,2.62,2.63,2.6,2.54,2.48,2.42,2.41,2.4,2.38,2.35,2.34,2.32,2.29,2.26,2.23
Monaco,2.81,2.78,2.76,2.73,2.69,2.66,2.63,2.59,2.57,2.54,2.5,2.47,2.44,2.41,2.38,2.35,2.33,2.31,2.28,2.26,2.24,2.22,2.2,2.18,2.17,2.14,2.11,2.06,2.01,1.93,1.85,1.79,1.75,1.75,1.76,1.78,1.82,1.88,1.95,2.01,2.08,2.18,2.01,1.91,1.99,2.01,2.1,2.21,2.38,2.4,2.38,2.22,2.29,2.31,2.48,2.5,2.58,2.42,2.48,2.4,2.38,2.12,2.11,2.11
Moldova,3.31,3.23,3.04,2.89,2.71,2.69,2.65,2.62,2.59,2.57,2.56,2.56,2.56,2.57,2.56,2.52,2.47,2.42,2.39,2.38,2.38,2.4,2.45,2.58,2.67,2.67,2.74,2.78,2.63,2.46,2.39,2.28,2.22,2.11,1.99,1.82,1.71,1.79,1.65,1.56,1.5,1.47,1.45,1.48,1.54,1.53,1.54,1.57,1.64,1.72,1.7,1.65,1.66,1.62,1.82,1.87,1.89,1.81,1.81,1.78,1.77,1.75,1.69,1.73
Madagascar,7.34,7.3,7.26,7.21,7.19,7.17,7.16,7.14,7.13,7.12,7.1,7.07,7.04,7.01,6.99,6.97,6.95,6.93,6.9,6.87,6.84,6.77,6.7,6.63,6.55,6.46,6.34,6.24,6.18,6.15,6.14,6.12,6.08,6.06,6.04,6.04,6.03,6.02,5.99,5.84,5.67,5.53,5.41,5.33,5.26,5.2,5.13,5.08,5.04,5,4.9,4.74,4.61,4.53,4.42,4.33,4.29,4.26,4.25,4.22,4.17,4.1,4.04,3.97
Maldives,6.71,6.79,6.89,6.94,7,7.07,7.14,7.23,7.28,7.33,7.39,7.38,7.37,7.4,7.38,7.32,7.29,7.27,7.23,7.23,7.23,7.19,7.15,7.09,7.03,6.94,6.85,6.73,6.58,6.39,6.13,5.8,5.43,5.06,4.69,4.29,3.86,3.48,3.17,2.9,2.69,2.53,2.42,2.34,2.26,2.2,2.2,2.29,2.37,2.39,2.35,2.31,2.25,2.17,2.09,2,1.9,1.8,1.71,1.64,1.61,1.6,1.58,1.57
Mexico,6.76,6.78,6.8,6.82,6.83,6.82,6.79,6.75,6.71,6.63,6.53,6.42,6.28,6.12,5.95,5.74,5.54,5.36,5.2,4.96,4.74,4.57,4.42,4.3,4.18,4.09,3.97,3.8,3.64,3.53,3.44,3.36,3.29,3.21,3.13,3.04,2.96,2.89,2.81,2.76,2.71,2.67,2.63,2.58,2.54,2.5,2.46,2.42,2.39,2.36,2.34,2.32,2.29,2.27,2.21,2.14,2.09,2.04,2.03,2.02,1.99,1.97,1.94,1.91
Marshall Islands,8.08,8.12,8.12,8.12,8.14,8.16,8.2,8.17,8.14,8.11,8.07,8.04,8,7.95,7.9,7.83,7.76,7.67,7.58,7.47,7.37,7.27,7.18,7.08,6.99,6.87,6.73,6.57,6.38,6.18,5.97,5.76,5.55,5.38,5.23,5.09,5.02,4.96,4.87,4.78,4.7,4.58,4.49,4.42,4.34,4.28,4.2,4.09,3.97,3.83,3.67,3.53,3.38,3.25,3.18,3.13,3.09,3.06,3.04,3.01,2.99,2.96,2.94,2.92
North Macedonia,3.83,3.62,3.5,3.62,3.56,3.52,3.43,3.33,3.22,3.1,3.01,2.93,2.87,2.72,2.7,2.69,2.62,2.49,2.42,2.4,2.36,2.29,2.29,2.25,2.24,2.25,2.25,2.31,2.32,2.25,2.27,2.31,2.28,2.26,2.23,2.13,2.06,1.92,1.89,1.77,1.86,1.73,1.79,1.75,1.52,1.5,1.46,1.46,1.47,1.5,1.6,1.46,1.5,1.5,1.5,1.49,1.5,1.43,1.42,1.34,1.31,1.6,1.6,1.5
Mali,7.02,7.03,7.04,7.05,7.05,7.08,7.11,7.14,7.16,7.17,7.18,7.2,7.22,7.22,7.23,7.25,7.27,7.3,7.32,7.35,7.37,7.37,7.32,7.28,7.26,7.26,7.31,7.31,7.32,7.33,7.31,7.28,7.24,7.18,7.12,7.05,7.01,6.97,6.94,6.91,6.89,6.85,6.82,6.78,6.74,6.71,6.68,6.65,6.62,6.59,6.58,6.54,6.52,6.49,6.44,6.38,6.32,6.25,6.12,5.89,5.85,5.78,5.69,5.61
Malta,3.62,3.27,3.24,2.9,2.79,2.52,2.33,2.24,2.12,2.02,2.03,2.06,2.01,1.65,1.64,2.27,2.21,2.14,2.05,2.1,1.99,1.87,1.9,1.92,1.95,1.95,1.93,1.97,2.06,2.1,2.02,1.99,2.07,1.96,1.84,1.77,1.99,1.93,1.84,1.73,1.68,1.48,1.45,1.48,1.4,1.38,1.36,1.35,1.43,1.42,1.36,1.45,1.42,1.36,1.38,1.37,1.37,1.26,1.23,1.14,1.13,1.13,1.08,1.06
Myanmar,5.9,5.9,5.9,5.91,5.91,5.91,5.88,5.84,5.8,5.75,5.68,5.62,5.53,5.43,5.34,5.25,5.16,5.07,4.99,4.9,4.79,4.69,4.66,4.63,4.52,4.32,4.08,3.86,3.67,3.59,3.5,3.43,3.35,3.28,3.2,3.13,3.06,2.98,2.91,2.85,2.81,2.79,2.77,2.68,2.59,2.52,2.47,2.45,2.4,2.37,2.33,2.31,2.28,2.26,2.25,2.27,2.27,2.25,2.23,2.21,2.18,2.16,2.13,2.12
Montenegro,3.53,3.49,3.44,3.38,3.28,3.19,3.09,2.91,2.79,2.79,2.69,2.67,2.61,2.51,2.43,2.38,2.35,2.31,2.25,2.2,2.22,2.19,2.19,2.17,2.14,2.13,2.09,2.07,2.01,1.94,1.95,2.02,2.01,1.96,1.94,1.96,1.92,1.89,1.89,1.88,1.9,1.85,1.81,1.8,1.73,1.69,1.73,1.8,1.89,1.98,1.7,1.65,1.72,1.73,1.75,1.7,1.8,1.8,1.8,1.8,1.75,1.75,1.8,1.74
Mongolia,6.82,6.96,7.1,7.24,7.33,7.38,7.41,7.39,7.37,7.34,7.31,7.3,7.28,7.24,7.17,7.07,6.93,6.79,6.62,6.42,6.21,5.98,5.8,5.63,5.45,5.26,5.03,4.83,4.65,4.42,4.5,4,3.5,2.5,2.7,2.77,2.5,2.4,2.3,2.3,2.2,2.2,2.1,2,2,2,2.1,2.3,2.6,2.8,2.4,2.6,2.7,3,3.1,3,3,2.8,2.9,3,2.9,2.8,2.7,2.7
Northern Mariana Islands,5.96,5.91,5.85,5.79,5.72,5.66,5.59,5.7,7.74,7.62,7.44,7.13,6.78,6.4,6.02,5.63,5.23,4.83,4.43,4.05,3.65,3.26,2.9,2.58,2.32,2.15,2.17,2.34,2.16,2.02,2.34,2.82,3.07,3.23,2.98,3.08,2.59,2.25,1.69,1.61,1.64,1.74,1.68,1.89,2.07,2.26,2.61,2.79,2.81,2.74,2.98,3.21,3.33,3.54,3.37,3.13,2.92,2.76,2.64,2.56,2.49,2.44,2.39,2.35
Mozambique,6.31,6.37,6.42,6.47,6.51,6.54,6.58,6.61,6.65,6.67,6.7,6.7,6.7,6.7,6.67,6.66,6.64,6.62,6.59,6.56,6.53,6.48,6.43,6.43,6.44,6.43,6.41,6.39,6.37,6.35,6.32,6.28,6.22,6.15,6.08,6.02,5.97,5.93,5.91,5.88,5.83,5.75,5.67,5.6,5.55,5.5,5.45,5.47,5.6,5.68,5.66,5.6,5.52,5.43,5.3,5.25,5.19,5.13,5.07,5.02,4.96,4.91,4.84,4.76
Mauritania,6.15,6.2,6.24,6.31,6.37,6.44,6.52,6.57,6.6,6.64,6.68,6.7,6.71,6.72,6.73,6.71,6.73,6.74,6.73,6.7,6.67,6.63,6.59,6.54,6.48,6.42,6.34,6.27,6.21,6.2,6.17,6.16,6.13,6.09,6.06,5.96,5.86,5.74,5.62,5.52,5.46,5.41,5.37,5.36,5.37,5.38,5.4,5.43,5.44,5.41,5.38,5.38,5.35,5.32,5.26,5.21,5.16,5.11,5.04,4.98,4.91,4.85,4.77,4.7
Mauritius,5.9,5.98,5.88,6.18,5.96,5.51,5.46,4.63,4.6,3.96,3.82,3.51,3.41,3.07,3.45,3.2,3.13,3.07,3.01,2.91,2.8,2.67,2.53,2.4,2.16,2.02,1.99,2.05,2.14,2.23,2.32,2.3,2.37,2.21,2.25,2.14,2.12,2.04,1.97,2.05,1.99,1.91,1.94,1.87,1.92,1.88,1.77,1.74,1.67,1.59,1.57,1.55,1.54,1.44,1.43,1.36,1.4,1.44,1.41,1.4,1.44,1.41,1.32,1.39
Malawi,7.04,7.07,7.09,7.13,7.11,7.13,7.17,7.21,7.26,7.27,7.29,7.31,7.33,7.34,7.34,7.36,7.39,7.41,7.43,7.46,7.52,7.49,7.45,7.36,7.26,7.17,7.07,6.97,6.88,6.8,6.74,6.68,6.63,6.57,6.49,6.39,6.29,6.23,6.21,6.12,6,5.94,5.9,5.88,5.86,5.85,5.8,5.72,5.61,5.45,5.26,5.08,4.9,4.76,4.57,4.38,4.22,4.11,4.02,3.95,3.88,3.79,3.72,3.65
Malaysia,6.41,6.37,6.3,6.19,6.03,5.84,5.63,5.43,5.29,5.16,5.04,4.92,4.82,4.73,4.62,4.5,4.4,4.28,4.18,4.09,4.04,4,3.97,3.93,3.88,3.8,3.7,3.56,3.5,3.31,3.3,3.34,3.37,3.36,3.35,3.32,3.3,3.23,3.12,3.07,2.94,2.81,2.66,2.6,2.49,2.39,2.31,2.25,2.26,2.22,2.14,2.15,2.12,2.07,2.06,2.01,1.94,1.89,1.84,1.78,1.68,1.55,1.55,1.55
Namibia,6.24,6.29,6.35,6.41,6.43,6.45,6.47,6.49,6.5,6.51,6.52,6.52,6.53,6.54,6.55,6.53,6.49,6.44,6.38,6.31,6.24,6.16,6.08,6,5.94,5.88,5.79,5.7,5.61,5.52,5.4,5.29,5.11,4.91,4.68,4.42,4.2,4.17,4.18,4.14,3.99,3.83,3.69,3.58,3.54,3.57,3.6,3.61,3.62,3.63,3.66,3.66,3.68,3.65,3.63,3.6,3.57,3.51,3.46,3.4,3.35,3.3,3.25,3.21
New Caledonia,5.44,5.46,5.39,5.34,5.37,5.31,5.25,5.15,5.06,5.01,5.07,5.05,5.05,4.93,4.69,4.46,4.23,4.05,3.88,3.75,3.66,3.59,3.48,3.35,3.16,3.05,3.08,3.08,3.08,3.06,3.1,3.07,2.95,2.82,2.71,2.65,2.65,2.65,2.55,2.48,2.51,2.42,2.35,2.27,2.24,2.23,2.24,2.21,2.2,2.19,2.19,2.2,2.2,2.17,2.12,2.08,2.08,2.04,2.04,2.05,2.02,2.01,2,1.98
Niger,7.53,7.51,7.5,7.49,7.48,7.47,7.48,7.49,7.5,7.51,7.51,7.52,7.52,7.53,7.54,7.54,7.56,7.59,7.66,7.72,7.78,7.82,7.86,7.9,7.92,7.93,7.9,7.87,7.84,7.82,7.81,7.8,7.79,7.79,7.79,7.78,7.78,7.8,7.84,7.84,7.83,7.81,7.8,7.79,7.78,7.77,7.74,7.73,7.7,7.68,7.64,7.59,7.53,7.45,7.34,7.21,7.04,6.87,6.71,6.54,6.37,6.2,6.13,6.06
Nigeria,6.36,6.35,6.36,6.35,6.36,6.37,6.39,6.4,6.42,6.44,6.47,6.53,6.58,6.63,6.7,6.77,6.81,6.86,6.92,6.89,6.85,6.82,6.8,6.78,6.7,6.62,6.56,6.5,6.5,6.49,6.46,6.43,6.39,6.35,6.32,6.27,6.22,6.14,6.07,6.08,6.12,6.13,6.12,6.1,6.09,6.06,6.05,6.03,6.02,5.99,5.95,5.89,5.8,5.69,5.62,5.5,5.34,5.18,5.02,4.86,4.7,4.64,4.55,4.48
Nicaragua,7.16,7.11,7.1,7.08,7.06,7.03,6.99,6.94,6.88,6.83,6.77,6.71,6.65,6.59,6.52,6.45,6.37,6.28,6.16,6.07,5.96,5.84,5.74,5.61,5.49,5.36,5.22,5.07,4.93,4.76,4.6,4.43,4.27,4.1,3.94,3.77,3.62,3.47,3.34,3.22,3.12,3,2.89,2.83,2.78,2.77,2.73,2.7,2.66,2.63,2.6,2.56,2.53,2.49,2.46,2.43,2.41,2.38,2.35,2.32,2.3,2.27,2.24,2.22
Netherlands,3.12,3.22,3.18,3.19,3.17,3.04,2.9,2.81,2.72,2.75,2.57,2.36,2.15,1.9,1.77,1.66,1.63,1.58,1.58,1.56,1.6,1.56,1.5,1.47,1.49,1.51,1.55,1.56,1.55,1.55,1.62,1.61,1.59,1.57,1.57,1.53,1.53,1.56,1.63,1.65,1.72,1.71,1.73,1.75,1.72,1.71,1.72,1.72,1.77,1.79,1.79,1.76,1.72,1.68,1.71,1.66,1.66,1.62,1.59,1.57,1.54,1.62,1.49,1.43
Curaçao,5.13,5.04,4.93,4.8,4.64,4.47,4.26,4.06,3.83,3.61,3.4,3.18,2.99,2.87,2.77,2.66,2.55,2.46,2.38,2.31,2.27,2.25,2.24,2.24,2.24,2.24,2.24,2.24,2.25,2.27,2.3,2.37,2.43,2.44,2.43,2.42,2.4,2.37,2.31,2.29,2.34,2.4,2.3,2.19,2.1,2.04,2.1,2,2.2,2.1,2.2,2.1,2.2,2.1,2,1.9,1.7,1.5,1.7,1.6,1.4,1.4,1.3,1.2
Norway,2.85,2.94,2.91,2.93,2.98,2.94,2.9,2.81,2.75,2.7,2.5,2.49,2.38,2.23,2.13,1.98,1.86,1.75,1.77,1.75,1.72,1.7,1.71,1.66,1.66,1.68,1.71,1.74,1.84,1.89,1.93,1.92,1.88,1.86,1.87,1.87,1.89,1.86,1.81,1.85,1.85,1.78,1.75,1.8,1.83,1.84,1.9,1.9,1.96,1.98,1.95,1.88,1.85,1.78,1.75,1.72,1.71,1.62,1.56,1.53,1.48,1.55,1.41,1.4
Nepal,6.07,6.09,6.08,6.06,6.04,6.01,5.98,5.95,5.94,5.89,5.87,5.84,5.8,5.7,5.75,5.73,5.72,5.69,5.68,5.64,5.6,5.58,5.55,5.54,5.51,5.46,5.4,5.35,5.31,5.26,5.21,5.15,5.07,5.04,4.96,4.87,4.67,4.44,4.28,4.13,3.98,3.79,3.6,3.44,3.28,3.12,2.97,2.86,2.74,2.63,2.54,2.46,2.42,2.36,2.32,2.27,2.23,2.17,2.12,2.08,2.05,2.02,2,1.98
Nauru,5.34,5.38,5.42,5.44,5.47,5.48,5.41,5.29,5.14,4.94,4.74,4.54,4.36,4.19,4.07,3.97,3.9,3.86,3.84,3.85,3.88,3.94,3.99,4.06,4.11,4.14,4.15,4.14,4.11,4.07,4.02,3.99,3.95,3.89,3.84,3.81,3.77,3.74,3.68,3.64,3.54,3.46,3.4,3.39,3.38,3.38,3.4,3.5,3.67,3.85,4.02,4.12,4.12,4.1,4.08,4.08,4.03,3.88,3.68,3.53,3.47,3.42,3.38,3.33
New Zealand,4.24,4.31,4.19,4.05,3.8,3.54,3.41,3.35,3.34,3.28,3.17,3.18,3,2.76,2.58,2.37,2.27,2.21,2.07,2.12,2.03,2.01,1.95,1.92,1.93,1.93,1.96,2.03,2.1,2.12,2.18,2.09,2.06,2.04,1.98,1.98,1.96,1.96,1.89,1.97,1.98,1.97,1.89,1.93,1.98,1.97,2.01,2.18,2.19,2.13,2.17,2.09,2.1,2.01,1.92,1.99,1.87,1.81,1.71,1.72,1.61,1.64,1.66,1.56
Oman,7.28,7.29,7.32,7.33,7.37,7.39,7.41,7.44,7.46,7.49,7.52,7.56,7.59,7.63,7.67,7.71,7.74,7.78,7.82,7.85,7.89,7.9,7.84,7.75,7.64,7.51,7.35,7.17,6.95,6.72,6.46,6.2,5.92,5.64,5.36,5.07,4.79,4.52,4.27,4.06,3.85,3.66,3.51,3.37,3.2,3.03,2.88,2.76,2.76,2.83,2.97,2.96,2.93,2.95,2.97,2.96,2.95,2.92,2.81,2.7,2.64,2.59,2.45,2.52
Pakistan,6.8,6.8,6.8,6.8,6.8,6.8,6.8,6.8,6.8,6.8,6.8,6.8,6.8,6.81,6.81,6.81,6.81,6.8,6.78,6.76,6.73,6.7,6.67,6.64,6.62,6.58,6.55,6.52,6.48,6.42,6.36,6.29,6.21,6.11,6.01,5.89,5.77,5.64,5.51,5.46,5.35,5.18,5.01,4.89,4.68,4.59,4.59,4.55,4.51,4.46,4.4,4.3,4.2,4.13,4.05,3.99,3.9,3.9,3.85,3.81,3.77,3.72,3.66,3.6
Panama,5.83,5.87,5.87,5.87,5.81,5.73,5.65,5.53,5.41,5.29,5.17,5.05,4.91,4.74,4.58,4.41,4.26,4.12,3.98,3.88,3.8,3.72,3.66,3.6,3.52,3.43,3.34,3.25,3.17,3.12,3.07,3,2.95,2.91,2.88,2.85,2.83,2.81,2.79,2.77,2.74,2.72,2.7,2.68,2.68,2.64,2.62,2.61,2.61,2.59,2.59,2.6,2.59,2.57,2.55,2.53,2.5,2.46,2.4,2.29,2.18,2.15,2.14,2.12
Peru,6.94,6.92,6.89,6.86,6.81,6.75,6.68,6.6,6.51,6.42,6.32,6.21,6.09,5.97,5.84,5.71,5.58,5.44,5.3,5.17,5.04,4.92,4.79,4.68,4.57,4.46,4.35,4.25,4.14,4.03,3.91,3.79,3.67,3.55,3.43,3.31,3.2,3.1,3,2.92,2.85,2.74,2.69,2.66,2.67,2.64,2.62,2.58,2.53,2.48,2.42,2.41,2.36,2.32,2.27,2.23,2.19,2.15,2.12,2.09,2.06,2.03,2,1.98
Philippines,7,6.99,6.98,6.95,6.89,6.8,6.69,6.57,6.45,6.33,6.22,6.08,5.94,5.79,5.69,5.6,5.5,5.44,5.39,5.25,5.11,4.97,4.92,4.87,4.77,4.66,4.56,4.51,4.45,4.37,4.32,4.27,4.16,4.1,4.08,4.07,4,3.94,3.88,3.83,3.75,3.72,3.65,3.59,3.52,3.45,3.47,3.4,3.4,3.38,3.31,3.24,3.14,3.04,2.89,2.83,2.68,2.52,2.38,2.21,2.08,1.95,1.93,1.92
Palau,7.19,7.17,7.14,7.12,7.08,7.01,6.93,6.84,6.71,6.58,6.39,6.16,5.9,5.59,5.26,4.9,4.53,4.09,3.74,3.49,3.35,3.28,3.22,3.14,3.08,3.01,2.98,2.93,2.9,2.92,2.88,2.74,2.71,2.73,2.66,2.55,2.39,2.19,2.01,1.91,1.82,1.87,1.92,1.96,1.99,2.02,2,1.97,1.95,1.94,1.94,1.97,2.01,2.05,2.03,2,2.06,2.02,1.97,1.98,1.97,1.95,1.93,1.91
Papua New Guinea,6.02,6.07,6.13,6.15,6.19,6.2,6.23,6.24,6.25,6.26,6.25,6.23,6.2,6.16,6.11,6.07,6.02,5.96,5.88,5.79,5.71,5.64,5.59,5.56,5.51,5.47,5.42,5.36,5.3,5.24,5.18,5.11,5.03,4.96,4.87,4.78,4.73,4.68,4.63,4.59,4.53,4.47,4.42,4.36,4.28,4.22,4.15,4.08,4.01,3.94,3.88,3.82,3.75,3.68,3.63,3.56,3.5,3.43,3.38,3.32,3.27,3.21,3.17,3.1
Poland,2.98,2.83,2.72,2.7,2.57,2.52,2.34,2.33,2.24,2.2,2.2,2.25,2.24,2.26,2.26,2.27,2.3,2.23,2.21,2.28,2.28,2.24,2.34,2.42,2.37,2.33,2.22,2.15,2.13,2.08,2.06,2.07,1.95,1.87,1.81,1.62,1.59,1.51,1.44,1.37,1.37,1.31,1.25,1.22,1.23,1.24,1.27,1.31,1.39,1.4,1.41,1.33,1.33,1.29,1.32,1.32,1.39,1.48,1.46,1.44,1.39,1.33,1.29,1.16
Puerto Rico,4.8,4.51,4.36,4.53,4.11,4.04,3.82,3.57,3.38,3.31,3.24,3.29,3.06,2.93,2.88,2.77,2.86,2.92,2.9,2.85,2.81,2.71,2.61,2.46,2.35,2.35,2.35,2.33,2.31,2.39,2.38,2.3,2.29,2.31,2.28,2.25,1.94,1.9,1.9,2,2.05,1.93,1.83,1.76,1.78,1.77,1.71,1.65,1.65,1.65,1.62,1.6,1.54,1.47,1.43,1.34,1.24,1.1,1.03,0.982,0.922,0.907,0.914,0.92
North Korea,3.57,3.26,3.41,3.63,3.55,3.56,3.71,4.05,3.87,3.86,3.85,3.74,3.89,3.35,3.14,3.05,2.84,2.77,2.79,2.85,2.84,2.92,2.85,2.78,2.71,2.65,2.59,2.53,2.47,2.41,2.39,2.35,2.29,2.22,2.18,2.15,2.09,2.03,1.99,1.97,1.94,1.94,1.92,1.91,1.9,1.87,1.94,1.94,1.97,1.91,1.89,1.88,1.88,1.88,1.87,1.86,1.86,1.85,1.83,1.82,1.82,1.81,1.8,1.78
Portugal,3.16,3.21,3.23,3.12,3.21,3.15,3.16,3.16,3.12,3.12,3.01,3,2.86,2.77,2.7,2.75,2.82,2.69,2.45,2.31,2.25,2.13,2.07,1.95,1.9,1.72,1.66,1.62,1.61,1.57,1.56,1.56,1.54,1.52,1.45,1.41,1.44,1.47,1.47,1.5,1.55,1.45,1.46,1.44,1.4,1.41,1.37,1.35,1.39,1.34,1.39,1.35,1.28,1.21,1.24,1.31,1.37,1.38,1.42,1.44,1.42,1.35,1.43,1.44
Paraguay,6.5,6.49,6.47,6.45,6.42,6.34,6.23,6.1,5.97,5.84,5.72,5.59,5.46,5.35,5.27,5.18,5.12,5.08,5.04,5.06,5.1,5.15,5.13,5.09,5.04,4.97,4.93,4.85,4.77,4.68,4.57,4.48,4.4,4.28,4.2,4.11,4.01,3.91,3.8,3.67,3.51,3.36,3.23,3.12,3.05,2.97,2.89,2.82,2.79,2.76,2.69,2.67,2.66,2.64,2.65,2.65,2.62,2.59,2.56,2.52,2.5,2.47,2.44,2.42
Palestine,,,,,,,,,,,,,,,,,,,,,,,,,,,,,,,6.81,6.75,6.65,6.5,6.33,6.16,5.99,5.82,5.69,5.58,5.46,5.34,5.22,5.06,4.97,4.87,4.74,4.63,4.51,4.44,4.43,4.3,4.15,4.05,4,3.98,3.89,3.77,3.67,3.59,3.51,3.44,3.38,3.31
French Polynesia,5.93,5.95,5.97,5.97,5.98,6,5.98,5.95,5.9,5.82,5.63,5.45,5.27,5.09,4.91,4.71,4.51,4.37,4.04,3.94,3.94,3.93,3.8,3.74,3.83,3.86,3.71,3.62,3.75,3.49,3.43,3.26,3.15,3.08,2.94,2.78,2.72,2.59,2.49,2.58,2.6,2.52,2.42,2.26,2.2,2.18,2.22,2.12,2.19,2.15,2.17,2.06,2.03,1.94,1.96,1.87,1.76,1.67,1.65,1.57,1.57,1.53,1.51,1.5
Qatar,6.53,6.53,6.53,6.53,6.53,6.53,6.52,6.46,6.39,6.31,6.23,6.14,6.07,6.01,5.93,5.86,5.78,5.69,5.58,5.46,5.33,5.2,5.04,4.9,4.76,4.64,4.57,4.54,4.51,4.41,4.23,3.99,3.85,3.77,3.67,3.56,3.44,3.33,3.21,3.12,3.07,3.08,3.01,2.92,2.79,2.63,2.51,2.44,2.37,2.25,2.14,2.07,2.04,2.03,2.03,1.98,1.86,1.83,1.76,1.73,1.68,1.6,1.74,1.73
Romania,2.34,2.17,2.04,2.01,1.96,1.91,1.9,3.66,3.63,3.19,2.89,2.67,2.55,2.44,2.71,2.59,2.54,2.57,2.52,2.49,2.43,2.36,2.17,2.06,2.26,2.31,2.39,2.38,2.3,2.22,1.83,1.59,1.51,1.43,1.4,1.33,1.3,1.32,1.32,1.3,1.31,1.27,1.27,1.3,1.33,1.4,1.42,1.45,1.6,1.66,1.59,1.47,1.52,1.46,1.56,1.62,1.69,1.78,1.76,1.77,1.8,1.81,1.71,1.71
Russia,2.52,2.45,2.36,2.27,2.18,2.13,2.1,2.04,1.99,1.97,1.99,2.03,2.04,2.01,2,1.98,1.97,1.95,1.92,1.9,1.89,1.91,2.04,2.11,2.06,2.05,2.15,2.22,2.12,2.01,1.89,1.73,1.55,1.39,1.4,1.34,1.27,1.22,1.23,1.16,1.2,1.22,1.29,1.32,1.34,1.29,1.3,1.42,1.5,1.54,1.57,1.58,1.69,1.71,1.75,1.78,1.76,1.62,1.58,1.5,1.5,1.5,1.42,1.41
Rwanda,8.28,8.28,8.27,8.27,8.27,8.25,8.23,8.21,8.19,8.18,8.14,8.09,8.09,8.09,8.1,8.1,8.12,8.14,8.16,8.13,8.12,8.1,8.06,8,7.91,7.79,7.61,7.43,7.23,7.03,6.8,6.62,6.54,6.48,6.42,6.34,6.29,6.24,6.17,6.06,5.97,5.89,5.82,5.74,5.64,5.5,5.33,5.14,4.92,4.71,4.52,4.33,4.2,4.14,4.12,4.11,4.11,4.08,4.05,3.98,3.91,3.84,3.78,3.7
Saudi Arabia,7.63,7.63,7.64,7.65,7.67,7.66,7.66,7.66,7.63,7.6,7.58,7.56,7.54,7.48,7.43,7.37,7.33,7.29,7.26,7.23,7.14,7.07,6.98,6.88,6.78,6.65,6.52,6.34,6.15,5.97,5.8,5.64,5.49,5.33,5.16,4.99,4.81,4.66,4.52,4.35,4.21,3.96,3.71,3.46,3.26,3.16,3.18,3.19,3.07,2.95,2.81,2.8,2.78,2.67,2.68,2.63,2.65,2.67,2.67,2.49,2.27,2.17,2.14,2.28
Sudan,6.66,6.66,6.7,6.76,6.8,6.84,6.88,6.91,6.95,6.97,6.99,7.02,6.98,6.94,6.91,6.87,6.82,6.78,6.72,6.65,6.59,6.53,6.47,6.41,6.34,6.28,6.22,6.17,6.13,6.11,6.07,6.05,6.02,5.97,5.91,5.86,5.79,5.72,5.65,5.62,5.6,5.56,5.53,5.49,5.46,5.4,5.33,5.27,5.21,5.17,5.14,5.09,5.03,4.96,4.91,4.9,4.83,4.76,4.68,4.62,4.54,4.46,4.38,4.32
Senegal,7,7.04,7.08,7.12,7.16,7.19,7.22,7.24,7.25,7.26,7.26,7.26,7.26,7.25,7.25,7.25,7.26,7.27,7.28,7.29,7.29,7.28,7.25,7.19,7.11,7.01,6.9,6.79,6.58,6.48,6.4,6.27,6.15,6.05,5.92,5.82,5.72,5.64,5.58,5.57,5.5,5.4,5.3,5.25,5.19,5.13,5.06,5.02,5.02,5.03,5.05,5.1,5.13,5.05,4.88,4.75,4.65,4.49,4.29,4.1,4,3.94,3.86,3.82
Singapore,5.76,5.41,5.21,5.16,4.97,4.66,4.46,3.91,3.53,3.22,3.07,3.02,3.04,2.79,2.35,2.07,2.11,1.82,1.79,1.79,1.82,1.78,1.74,1.61,1.62,1.61,1.43,1.62,1.96,1.75,1.83,1.73,1.72,1.74,1.71,1.67,1.66,1.61,1.48,1.47,1.6,1.41,1.37,1.27,1.26,1.26,1.28,1.29,1.28,1.22,1.15,1.2,1.29,1.19,1.25,1.24,1.2,1.16,1.14,1.14,1.1,1.12,1.04,0.97
Solomon Islands,7.07,7.05,7.04,7.03,7.05,7.02,7,6.97,6.95,6.97,6.98,6.99,6.99,7,7.01,6.99,6.95,6.92,6.87,6.82,6.77,6.71,6.64,6.57,6.49,6.38,6.26,6.12,5.99,5.87,5.74,5.62,5.51,5.45,5.4,5.33,5.22,5.09,4.98,4.86,4.76,4.67,4.6,4.54,4.47,4.41,4.39,4.37,4.36,4.35,4.34,4.33,4.33,4.33,4.36,4.29,4.2,4.06,3.93,3.8,3.75,3.69,3.62,3.56
Sierra Leone,6.17,6.21,6.22,6.26,6.29,6.31,6.34,6.38,6.38,6.39,6.41,6.43,6.45,6.47,6.53,6.55,6.55,6.57,6.59,6.58,6.56,6.55,6.56,6.57,6.59,6.59,6.6,6.61,6.59,6.57,6.57,6.55,6.55,6.57,6.56,6.55,6.55,6.53,6.5,6.42,6.36,6.3,6.23,6.09,5.92,5.81,5.74,5.64,5.56,5.45,5.33,5.21,5.06,4.87,4.7,4.55,4.47,4.39,4.29,4.19,4.08,3.98,3.88,3.79
El Salvador,6.62,6.64,6.67,6.69,6.68,6.64,6.57,6.49,6.39,6.28,6.18,6.13,6.03,5.93,5.82,5.71,5.59,5.47,5.36,5.23,5.11,4.99,4.83,4.65,4.48,4.32,4.19,4.17,4.1,4.03,3.96,3.89,3.8,3.69,3.61,3.57,3.48,3.38,3.34,3.22,3.08,2.93,2.77,2.64,2.52,2.44,2.4,2.35,2.29,2.26,2.24,2.22,2.19,2.15,2.13,2.07,1.97,1.9,1.85,1.84,1.82,1.8,1.78,1.77
San Marino,2.43,2.68,2.43,2.4,2.37,2.33,2.33,2.31,2.3,2.31,2.32,2.33,2.29,2.23,2.13,2.05,1.95,1.87,1.77,1.63,1.52,1.41,1.3,1.25,1.2,1.17,1.15,1.14,1.14,1.15,1.16,1.17,1.15,1.12,1.14,1.17,1.21,1.24,1.26,1.29,1.4,1.52,1.43,1.3,1.3,1.2,1.24,1.26,1.52,1.36,1.46,1.46,1.29,1.48,1.26,1.2,1.13,1.05,1.08,1.1,1.11,1.13,1.14,1.15
Somalia,7.25,7.25,7.25,7.26,7.26,7.26,7.26,7.25,7.23,7.21,7.18,7.15,7.12,7.09,7.06,7.03,7.02,7,7.13,7.16,7.18,7.23,7.25,7.28,7.3,7.33,7.35,7.37,7.4,7.42,7.44,7.47,7.5,7.53,7.54,7.58,7.62,7.66,7.66,7.66,7.64,7.64,7.63,7.6,7.57,7.53,7.49,7.46,7.42,7.38,7.32,7.27,7.21,7.14,7.06,6.97,6.88,6.77,6.66,6.56,6.45,6.35,6.25,6.13
Serbia,2.15,2.13,2.11,2.08,2.07,2.06,2.04,2.02,2,1.99,1.97,1.96,1.95,1.94,1.93,1.92,1.91,1.9,1.89,1.88,1.86,1.85,1.84,1.83,1.81,1.8,1.78,1.75,1.72,1.69,1.65,1.61,1.57,1.54,1.5,1.47,1.44,1.4,1.37,1.35,1.48,1.58,1.57,1.59,1.57,1.45,1.43,1.38,1.4,1.44,1.4,1.4,1.45,1.43,1.46,1.46,1.46,1.49,1.49,1.52,1.48,1.52,1.59,1.61
South Sudan,7.16,7.18,7.2,7.2,7.22,7.22,7.25,7.26,7.26,7.28,7.29,7.3,7.31,7.31,7.31,7.33,7.33,7.33,7.33,7.32,7.33,7.33,7.34,7.34,7.35,7.36,7.38,7.39,7.38,7.37,7.38,7.38,7.37,7.36,7.35,7.34,7.32,7.2,7.08,6.94,6.8,6.65,6.51,6.35,6.19,6.02,5.85,5.7,5.57,5.45,5.32,5.19,5.06,4.94,4.82,4.7,4.58,4.48,4.37,4.26,4.16,4.05,3.96,3.86
Sao Tome and Principe,6.24,6.26,6.28,6.31,6.33,6.35,6.37,6.39,6.42,6.44,6.47,6.49,6.51,6.53,6.53,6.53,6.52,6.5,6.47,6.43,6.39,6.33,6.28,6.22,6.16,6.1,6.05,5.99,5.94,5.88,5.83,5.77,5.7,5.63,5.56,5.55,5.47,5.4,5.3,5.23,5.16,5.1,5.06,5.01,4.96,4.94,4.93,4.96,4.91,4.84,4.77,4.72,4.66,4.58,4.49,4.35,4.2,4.07,3.98,3.9,3.83,3.76,3.69,3.64
Suriname,6.59,6.58,6.57,6.51,6.43,6.32,6.2,6.04,5.86,5.7,5.53,5.36,5.18,5.01,4.81,4.63,4.45,4.26,4.08,3.92,3.79,3.75,3.82,3.87,3.8,3.71,3.61,3.53,3.46,3.39,3.23,3.09,3.01,2.94,2.9,2.9,2.92,2.95,2.99,3.02,3.05,3.06,2.96,2.84,2.74,2.71,2.73,2.73,2.73,2.71,2.69,2.67,2.67,2.65,2.62,2.57,2.5,2.43,2.38,2.35,2.31,2.29,2.27,2.25
Slovak Republic,3.04,2.96,2.83,2.92,2.89,2.78,2.66,2.48,2.39,2.43,2.41,2.43,2.49,2.56,2.61,2.55,2.55,2.49,2.47,2.45,2.32,2.29,2.28,2.28,2.26,2.26,2.2,2.14,2.13,2.07,2.09,2.05,1.93,1.87,1.67,1.52,1.47,1.43,1.37,1.33,1.3,1.2,1.19,1.2,1.25,1.27,1.25,1.27,1.34,1.44,1.43,1.45,1.34,1.34,1.37,1.4,1.48,1.52,1.54,1.57,1.59,1.63,1.57,1.49
Slovenia,2.19,2.27,2.28,2.27,2.31,2.43,2.46,2.37,2.25,2.17,2.11,2.16,2.17,2.2,2.13,2.17,2.2,2.17,2.2,2.21,2.11,1.96,1.93,1.81,1.74,1.71,1.67,1.65,1.63,1.52,1.46,1.42,1.33,1.33,1.32,1.29,1.28,1.25,1.23,1.21,1.26,1.21,1.21,1.2,1.25,1.26,1.31,1.38,1.53,1.53,1.57,1.56,1.58,1.55,1.58,1.57,1.58,1.62,1.6,1.61,1.59,1.64,1.55,1.51
Sweden,2.17,2.21,2.25,2.33,2.47,2.39,2.37,2.28,2.07,1.93,1.92,1.96,1.91,1.87,1.87,1.77,1.68,1.64,1.6,1.66,1.68,1.63,1.62,1.61,1.66,1.74,1.8,1.84,1.96,2.01,2.13,2.11,2.09,1.99,1.88,1.73,1.6,1.52,1.5,1.5,1.54,1.57,1.65,1.71,1.75,1.77,1.85,1.88,1.91,1.94,1.98,1.9,1.91,1.89,1.88,1.85,1.85,1.78,1.76,1.71,1.67,1.67,1.53,1.45
Eswatini,6.75,6.77,6.79,6.8,6.79,6.79,6.8,6.77,6.76,6.76,6.75,6.74,6.72,6.71,6.71,6.71,6.7,6.68,6.65,6.61,6.57,6.54,6.49,6.43,6.36,6.28,6.11,5.9,5.69,5.48,5.29,5.13,4.98,4.82,4.66,4.52,4.38,4.24,4.13,4.09,4.03,3.94,3.85,3.8,3.76,3.7,3.63,3.58,3.57,3.5,3.38,3.32,3.27,3.24,3.18,3.12,3.07,3.02,2.97,2.92,2.89,2.84,2.8,2.75
Sint Maarten (Dutch part),4.77,4.68,4.57,4.47,4.35,4.23,4.08,3.94,3.78,3.63,3.48,3.35,3.23,3.11,3.01,2.92,2.83,2.75,2.68,2.63,2.59,2.55,2.49,2.4,2.29,2.18,2.1,2.03,1.96,1.9,1.85,1.85,1.88,1.94,2.05,2.14,2.18,2.17,2.14,2.07,1.98,1.89,1.81,1.74,1.7,1.71,1.76,1.57,1.73,1.71,1.85,1.99,1.96,1.89,1.82,1.73,1.64,1.57,1.52,1.48,1.47,1.46,1.45,1.45
Seychelles,5.31,5.42,5.51,5.61,5.69,5.72,6.13,5.89,5.61,5.48,5.31,5.69,5.16,4.78,5.1,4.75,4.09,3.75,3.92,3.66,3.79,3.67,3.13,3.22,3.24,3.09,3.07,2.92,2.79,2.67,2.61,2.69,2.53,2.58,2.6,2.36,2.31,2.1,2.04,2.04,2.08,1.98,2.04,2.06,2.01,2.2,2.11,2.24,2.33,2.38,2.16,2.33,2.37,2.26,2.25,2.31,2.39,2.41,2.41,2.36,2.29,2.46,2.01,2.02
Syria,7.5,7.5,7.51,7.51,7.53,7.53,7.55,7.56,7.57,7.59,7.62,7.6,7.57,7.55,7.52,7.49,7.45,7.42,7.34,7.25,7.12,6.97,6.81,6.69,6.59,6.48,6.37,6.2,6,5.78,5.56,5.34,5.14,4.99,4.86,4.7,4.54,4.37,4.25,4.14,4.07,3.98,3.87,3.76,3.68,3.6,3.56,3.54,3.48,3.42,3.35,3.29,3.22,3.17,3.12,3.07,3.01,2.97,2.93,2.88,2.84,2.8,2.75,2.71
Turks and Caicos Islands,5.99,5.91,5.82,5.72,5.61,5.5,5.43,5.39,5.4,5.31,5.23,5.14,5.03,4.91,4.79,4.69,4.62,4.55,4.49,4.43,4.37,4.29,4.19,4.08,3.99,3.91,3.79,3.65,3.5,3.33,3.19,3.05,2.94,2.84,2.76,2.7,2.65,2.58,2.52,2.46,2.41,2.34,2.24,2.18,2.14,2.11,2.08,2.05,2,1.96,1.91,1.86,1.8,1.75,1.73,1.72,1.71,1.7,1.68,1.62,1.55,1.5,1.48,1.46
Chad,6.25,6.27,6.29,6.3,6.32,6.34,6.36,6.39,6.43,6.48,6.53,6.58,6.85,6.87,6.86,6.88,6.89,6.9,6.89,6.91,6.91,6.94,6.96,6.98,7.01,7.04,7.07,7.11,7.15,7.19,7.22,7.26,7.3,7.34,7.31,7.29,7.29,7.27,7.27,7.26,7.25,7.23,7.2,7.18,7.16,7.13,7.12,7.09,7.06,7.02,6.99,6.95,6.91,6.84,6.78,6.71,6.62,6.54,6.46,6.41,6.35,6.25,6.21,6.12
Togo,6.8,6.82,6.86,6.89,6.92,6.94,6.96,6.96,6.97,7.01,7.04,7.06,7.07,7.08,7.09,7.09,7.06,7.03,6.98,6.93,6.88,6.81,6.72,6.63,6.54,6.46,6.38,6.3,6.23,6.15,6.07,5.99,5.89,5.78,5.67,5.57,5.46,5.36,5.29,5.23,5.17,5.13,5.09,5.05,5,5.04,5.08,5.1,5.1,5.1,5.09,4.98,4.85,4.75,4.7,4.66,4.63,4.58,4.51,4.45,4.39,4.32,4.25,4.19
Thailand,6.33,6.32,6.33,6.34,6.31,6.26,6.18,6.08,5.93,5.7,5.45,5.25,5.08,4.84,4.6,4.36,4.12,3.87,3.62,3.45,3.29,3.13,2.94,2.75,2.58,2.45,2.36,2.25,2.17,2.14,2.06,2.04,2.01,1.97,1.93,1.89,1.86,1.84,1.81,1.77,1.73,1.71,1.69,1.67,1.67,1.64,1.63,1.62,1.59,1.56,1.56,1.57,1.56,1.53,1.48,1.45,1.4,1.36,1.32,1.28,1.26,1.23,1.22,1.21
Tajikistan,6.24,6.35,6.48,6.62,6.68,6.74,6.82,6.89,6.91,6.91,6.91,6.91,6.89,6.84,6.77,6.69,6.6,6.49,6.4,6.31,6.21,6.12,6.03,5.98,5.96,5.94,5.91,5.84,5.75,5.61,5.46,5.28,5.06,4.92,4.79,4.66,3.94,4.06,4.07,3.85,3.49,3.49,3.47,3.42,3.51,3.4,3.34,3.37,3.39,3.43,3.46,3.46,3.42,3.43,3.46,3.46,3.38,3.29,3.29,3.28,3.21,3.17,3.13,3.07
Turkmenistan,6.59,6.69,6.76,6.79,6.79,6.76,6.7,6.63,6.56,6.48,6.4,6.32,6.2,6.15,6.09,6,5.9,5.77,5.61,5.46,5.3,5.16,5.04,4.97,4.96,4.97,4.94,4.84,4.67,4.46,4.29,4.14,3.96,3.78,3.62,3.49,3.29,3.18,3.08,2.98,2.9,2.81,2.71,2.67,2.67,2.71,2.72,2.73,2.75,2.79,2.85,2.9,2.96,3.01,3.02,3.03,2.99,2.93,2.88,2.83,2.79,2.75,2.73,2.69
Timor-Leste,6.32,6.27,6.22,6.16,6.08,6.01,5.93,5.86,5.79,5.72,5.66,5.58,5.49,5.39,5.29,5.19,5.12,5.08,5.09,5.14,5.22,5.53,5.55,5.59,5.61,5.65,5.67,5.68,5.72,5.76,5.81,5.83,5.87,5.88,5.91,5.94,5.94,5.96,5.96,5.97,5.93,5.92,5.9,5.85,5.74,5.61,5.47,5.33,5.17,4.99,4.82,4.61,4.4,4.21,4,3.78,3.58,3.4,3.24,3.12,3.01,2.89,2.8,2.71
Tonga,6.65,6.61,6.57,6.52,6.46,6.41,6.35,6.29,6.23,6.17,6.07,5.96,5.86,5.8,5.76,5.75,5.73,5.7,5.68,5.65,5.6,5.55,5.5,5.45,5.41,5.34,5.27,5.19,5.1,5.01,4.93,4.85,4.79,4.73,4.66,4.56,4.46,4.38,4.31,4.23,4.16,4.13,4.14,4.17,4.19,4.2,4.14,4.09,4.01,3.95,3.88,3.83,3.77,3.7,3.62,3.54,3.46,3.39,3.33,3.27,3.23,3.2,3.17,3.13
Trinidad and Tobago,5.41,5.41,5.36,5.24,5.08,4.88,4.62,4.35,4.11,3.86,3.71,3.61,3.55,3.47,3.32,3.21,3.14,3.12,3.13,3.13,3.15,3.13,3.11,3.07,3.02,2.99,2.9,2.77,2.65,2.53,2.39,2.29,2.21,2.13,2.06,1.97,1.89,1.83,1.78,1.76,1.73,1.71,1.67,1.65,1.63,1.63,1.62,1.62,1.62,1.62,1.61,1.61,1.61,1.6,1.6,1.6,1.6,1.59,1.59,1.58,1.57,1.56,1.54,1.53
Tunisia,7.16,7.16,7.17,7.17,7.17,7.11,7.05,6.95,6.81,6.62,6.43,6.29,6.19,6.12,6.05,5.97,5.87,5.68,5.4,5.18,5.03,5.02,4.89,4.77,4.66,4.52,4.36,4.1,3.83,3.57,3.44,3.31,3.19,3.06,2.87,2.67,2.49,2.34,2.2,2.08,2.02,1.98,1.94,1.96,1.95,1.95,1.95,1.96,1.98,2,2.08,2.19,2.28,2.31,2.32,2.31,2.27,2.21,2.13,2.1,2,1.8,1.85,1.83
Turkey,6.38,6.42,6.38,6.34,6.29,6.22,6.15,6.06,5.96,5.87,5.78,5.67,5.55,5.41,5.24,5.09,4.93,4.78,4.69,4.58,4.45,4.35,4.21,4.06,3.91,3.78,3.66,3.54,3.44,3.34,3.11,3,2.94,2.92,2.87,2.83,2.78,2.74,2.71,2.63,2.49,2.39,2.27,2.2,2.2,2.2,2.19,2.16,2.15,2.1,2.08,2.05,2.11,2.11,2.19,2.16,2.11,2.08,2,1.89,1.77,1.71,1.63,1.51
Tuvalu,5.15,5.09,5,4.91,4.83,4.73,4.64,4.49,4.36,4.23,4.08,3.94,3.81,3.71,3.63,3.58,3.55,3.56,3.59,3.65,3.73,3.8,3.88,3.91,3.95,3.97,3.97,3.94,3.88,3.8,3.75,3.79,3.86,3.92,3.92,3.96,3.95,3.95,3.95,3.92,3.84,3.75,3.64,3.58,3.55,3.55,3.52,3.45,3.42,3.42,3.44,3.46,3.47,3.39,3.33,3.31,3.3,3.3,3.33,3.33,3.31,3.28,3.24,3.21
Tanzania,6.54,6.56,6.61,6.65,6.68,6.73,6.8,6.86,6.9,6.95,7,7.04,7.05,7.06,7.12,7.1,7.09,7.07,7.06,7.04,6.99,6.93,6.87,6.8,6.71,6.6,6.49,6.41,6.38,6.3,6.2,6.13,6.08,6,5.89,5.82,5.83,5.84,5.81,5.75,5.67,5.62,5.57,5.58,5.6,5.58,5.51,5.4,5.32,5.26,5.22,5.14,5.14,5.16,5.12,5.03,5.01,4.99,4.93,4.87,4.8,4.73,4.67,4.61
Uganda,6.91,6.93,6.96,6.98,7.01,7.04,7.07,7.1,7.13,7.12,7.15,7.18,7.18,7.19,7.19,7.2,7.19,7.18,7.16,7.14,7.11,7.12,7.11,7.07,7.02,7.04,7.08,7.12,7.1,7.04,7.01,6.94,6.91,6.89,6.9,6.87,6.83,6.86,6.84,6.83,6.79,6.76,6.74,6.67,6.61,6.53,6.43,6.33,6.2,6.12,6.02,5.88,5.73,5.56,5.41,5.25,5.11,4.99,4.87,4.74,4.62,4.51,4.39,4.28
Ukraine,2.29,2.2,2.15,2.11,2.01,1.94,2.04,2.04,2.03,2.01,2.08,2.11,2.13,2.04,2.06,2.05,2.04,1.98,1.97,1.96,1.95,1.92,1.95,2.1,2.08,2.03,2.12,2.07,2.04,1.93,1.84,1.77,1.67,1.56,1.47,1.4,1.33,1.27,1.21,1.13,1.11,1.09,1.13,1.17,1.22,1.22,1.3,1.34,1.44,1.47,1.44,1.46,1.53,1.51,1.47,1.39,1.39,1.3,1.23,1.22,1.21,1.15,0.897,0.977
Uruguay,2.83,2.85,2.87,2.88,2.86,2.84,2.82,2.78,2.77,2.77,2.77,2.77,2.78,2.85,2.96,3.02,3,2.9,2.83,2.71,2.59,2.53,2.51,2.49,2.47,2.47,2.47,2.49,2.5,2.5,2.48,2.45,2.43,2.41,2.42,2.4,2.36,2.33,2.27,2.25,2.2,2.16,2.16,2.12,2.09,2.1,2.07,2.05,2.03,2.02,2.01,1.99,2.01,2.03,2.03,2.04,1.97,1.82,1.68,1.57,1.5,1.45,1.43,1.41
USA,3.65,3.62,3.46,3.32,3.19,2.91,2.72,2.56,2.46,2.46,2.48,2.27,2.01,1.88,1.83,1.77,1.74,1.79,1.76,1.81,1.84,1.81,1.83,1.8,1.81,1.84,1.84,1.87,1.93,2.01,2.08,2.06,2.05,2.02,2,1.98,1.98,1.97,2,2.01,2.06,2.03,2.02,2.05,2.05,2.06,2.11,2.12,2.07,2,1.93,1.89,1.88,1.86,1.86,1.84,1.82,1.77,1.73,1.71,1.64,1.66,1.66,1.62
Uzbekistan,6.61,6.75,6.88,6.81,6.82,6.81,6.66,6.57,6.39,6.34,6.31,6.28,6.25,6.16,6.05,5.92,5.75,5.54,5.28,5.16,5.04,4.91,4.82,4.71,4.73,4.69,4.67,4.53,4.26,4.1,4.12,4.19,4.06,3.86,3.66,3.57,3.39,3.19,2.98,2.83,2.7,2.61,2.58,2.5,2.5,2.44,2.46,2.57,2.63,2.56,2.44,2.35,2.34,2.44,2.55,2.58,2.56,2.57,2.71,2.87,3.06,3.27,3.4,3.5
St. Vincent and the Grenadines,7.25,7.16,7.03,6.92,6.83,6.74,6.64,6.53,6.42,6.28,6.12,5.95,5.77,5.59,5.38,5.17,4.95,4.75,4.55,4.29,3.92,3.85,3.74,3.56,3.28,3.08,2.92,2.82,2.75,2.73,2.73,2.75,2.76,2.74,2.68,2.61,2.53,2.43,2.35,2.31,2.31,2.3,2.22,2.14,2.09,2.07,2.03,2.06,2.15,2.17,2.14,2.08,2.11,2.11,2.14,2.13,2.06,1.94,1.9,1.86,1.83,1.81,1.79,1.77
Venezuela,6.38,6.3,6.23,6.16,6.07,5.98,5.87,5.75,5.61,5.47,5.32,5.17,5.04,4.91,4.79,4.69,4.59,4.49,4.4,4.3,4.2,4.1,4.01,3.93,3.86,3.79,3.73,3.67,3.6,3.52,3.45,3.37,3.29,3.22,3.15,3.08,3.02,2.97,2.91,2.86,2.79,2.78,2.74,2.7,2.64,2.63,2.6,2.52,2.48,2.42,2.4,2.4,2.38,2.33,2.3,2.25,2.22,2.18,2.15,2.13,2.12,2.1,2.09,2.08
British Virgin Islands,4.81,4.67,4.51,4.36,4.19,4.05,3.96,3.91,3.88,3.81,3.74,3.64,3.54,3.43,3.33,3.25,3.2,3.15,3.11,3.07,2.92,2.33,2.27,2.12,1.99,1.92,1.78,1.72,1.71,1.77,1.78,1.84,1.88,1.81,1.66,1.78,1.89,2.01,1.52,1.79,1.84,1.52,1.25,1.31,1.5,1.34,1.23,1.31,1.27,1.23,1.18,1.27,1.1,1.09,1.24,1.19,0.987,0.873,0.905,0.941,0.975,0.999,1.02,1.04
Virgin Islands (U.S.),5.15,4.8,5.07,4.96,5.47,5.64,4.99,5.2,4.95,4.81,5.25,5.07,4.78,4.23,3.87,3.6,3.39,3.26,3.3,3.04,3.1,3,3.08,3.1,2.9,2.83,2.74,2.84,2.84,3.02,3.11,3.38,3.63,3.64,3.68,3.24,2.94,3.02,2.68,2.45,2.06,1.9,2.21,2.07,2.17,2.24,2.03,2.51,2.44,2.37,2.3,2.16,2.06,2.08,2.09,2.11,2.09,2.08,2.06,2.05,2.03,2.01,2,1.98
Vietnam,6.27,5.48,6.26,6.38,6.29,6.16,5.97,5.88,6.03,6.01,6.02,6.07,6.1,6.11,5.78,5.62,5.46,5.29,5.1,4.94,4.79,4.67,4.59,4.52,4.41,4.21,3.96,3.72,3.62,3.64,3.6,3.52,3.35,3.17,2.94,2.7,2.47,2.27,2.1,2,2.03,2.02,2.01,2,1.97,1.89,1.87,1.91,1.93,1.92,1.91,1.93,1.97,1.98,2.09,2.1,2,1.99,1.88,1.94,1.96,1.94,1.93,1.91
Vanuatu,6.78,6.73,6.67,6.62,6.57,6.52,6.51,6.51,6.46,6.41,6.35,6.29,6.23,6.15,6.06,5.98,5.88,5.81,5.77,5.73,5.69,5.65,5.6,5.55,5.49,5.43,5.38,5.33,5.27,5.21,5.17,5.13,5.09,5.02,4.94,4.85,4.75,4.66,4.6,4.56,4.54,4.5,4.38,4.29,4.21,4.13,4.1,4.12,4.16,4.16,4.13,4.09,4.06,4.04,4,3.95,3.92,3.88,3.83,3.79,3.74,3.7,3.65,3.6
Samoa,7.78,7.77,7.76,7.73,7.7,7.65,7.6,7.55,7.5,7.43,7.34,7.22,7.07,6.91,6.75,6.61,6.47,6.31,6.15,5.99,5.86,5.75,5.68,5.62,5.55,5.49,5.42,5.32,5.21,5.11,5.01,4.91,4.87,4.83,4.79,4.77,4.74,4.7,4.64,4.57,4.52,4.48,4.44,4.39,4.34,4.32,4.32,4.36,4.42,4.47,4.52,4.56,4.54,4.49,4.42,4.34,4.26,4.2,4.14,4.06,4,3.94,3.88,3.83
Yemen,7.99,8,8.01,8.03,8.07,8.1,8.14,8.17,8.19,8.22,8.23,8.26,8.27,8.29,8.33,8.37,8.42,8.47,8.5,8.67,8.71,8.75,8.79,8.83,8.85,8.86,8.86,8.83,8.79,8.71,8.61,8.46,8.27,8.05,7.79,7.53,7,6.82,6.64,6.49,6.32,6.14,5.97,5.84,5.71,5.56,5.41,5.26,5.11,5,4.81,4.63,4.63,4.62,4.62,4.62,4.61,4.61,4.61,4.6,4.6,4.6,4.59,4.59
South Africa,6.11,6.08,6.05,6.01,5.96,5.89,5.91,5.85,5.78,5.72,5.63,5.57,5.49,5.41,5.3,5.19,5.07,4.94,4.85,4.82,4.78,4.71,4.7,4.63,4.57,4.5,4.41,4.35,4.18,3.98,3.72,3.62,3.48,3.37,3.26,3.17,2.99,2.73,2.63,2.56,2.41,2.37,2.32,2.36,2.44,2.51,2.55,2.54,2.68,2.5,2.44,2.44,2.45,2.43,2.42,2.36,2.26,2.28,2.27,2.26,2.26,2.25,2.23,2.22
Zambia,6.95,6.98,7.01,7.06,7.08,7.12,7.14,7.15,7.18,7.18,7.22,7.26,7.3,7.34,7.36,7.42,7.39,7.35,7.29,7.22,7.14,7.07,7.04,7.01,6.97,6.93,6.87,6.8,6.7,6.63,6.57,6.46,6.35,6.3,6.26,6.23,6.18,6.12,6.07,6,5.92,5.85,5.77,5.71,5.7,5.7,5.68,5.61,5.53,5.45,5.36,5.26,5.14,5.01,4.89,4.78,4.67,4.57,4.49,4.42,4.32,4.25,4.17,4.1
Zimbabwe,7.2,7.21,7.23,7.23,7.23,7.23,7.2,7.16,7.11,7.04,6.98,6.94,6.94,6.94,6.88,6.83,6.77,6.71,6.66,6.59,6.52,6.45,6.33,6.2,6.04,5.87,5.69,5.5,5.28,5.07,4.88,4.71,4.57,4.39,4.28,4.15,4.11,4.08,4.07,4.06,4.01,3.98,3.92,3.86,3.78,3.69,3.63,3.68,3.78,3.95,4.04,4.13,4.13,4.11,4.01,3.91,3.83,3.77,3.74,3.75,3.75,3.77,3.77,3.72
